1,6,adjective,ordinal,n/a,feminine,plural,n/a,n/a
3,2,adjective,ordinal,n/a,feminine,plural,n/a,n/a
último,4,adjective,ordinal,n/a,feminine,plural,n/a,n/a
1,25,adjective,ordinal,n/a,feminine,singular,n/a,n/a
2,9,adjective,ordinal,n/a,feminine,singular,n/a,n/a
3,2,adjective,ordinal,n/a,feminine,singular,n/a,n/a
último,8,adjective,ordinal,n/a,feminine,singular,n/a,n/a
1,12,adjective,ordinal,n/a,masculine,plural,n/a,n/a
último,13,adjective,ordinal,n/a,masculine,plural,n/a,n/a
1,43,adjective,ordinal,n/a,masculine,singular,n/a,n/a
2,6,adjective,ordinal,n/a,masculine,singular,n/a,n/a
3,4,adjective,ordinal,n/a,masculine,singular,n/a,n/a
7,1,adjective,ordinal,n/a,masculine,singular,n/a,n/a
9,1,adjective,ordinal,n/a,masculine,singular,n/a,n/a
último,18,adjective,ordinal,n/a,masculine,singular,n/a,n/a
tuyo,1,adjective,possessive,n/a,feminine,plural,2,singular
suyo,2,adjective,possessive,n/a,feminine,plural,3,invariable
mío,12,adjective,possessive,n/a,feminine,singular,1,singular
suyo,2,adjective,possessive,n/a,feminine,singular,3,invariable
tuyo,3,adjective,possessive,n/a,masculine,plural,2,singular
suyo,2,adjective,possessive,n/a,masculine,plural,3,invariable
mío,4,adjective,possessive,n/a,masculine,singular,1,singular
tuyo,6,adjective,possessive,n/a,masculine,singular,2,singular
suyo,5,adjective,possessive,n/a,masculine,singular,3,invariable
a_muerte,1,adjective,qualificative,n/a,common,invariable,n/a,n/a
anti,1,adjective,qualificative,n/a,common,invariable,n/a,n/a
antiglobalización,1,adjective,qualificative,n/a,common,invariable,n/a,n/a
bi,4,adjective,qualificative,n/a,common,invariable,n/a,n/a
gratis,1,adjective,qualificative,n/a,common,invariable,n/a,n/a
mami,2,adjective,qualificative,n/a,common,invariable,n/a,n/a
nem,2,adjective,qualificative,n/a,common,invariable,n/a,n/a
nlieux,1,adjective,qualificative,n/a,common,invariable,n/a,n/a
nti,1,adjective,qualificative,n/a,common,invariable,n/a,n/a
re,2,adjective,qualificative,n/a,common,invariable,n/a,n/a
super,4,adjective,qualificative,n/a,common,invariable,n/a,n/a
súper,1,adjective,qualificative,n/a,common,invariable,n/a,n/a
thermomix,1,adjective,qualificative,n/a,common,invariable,n/a,n/a
web,5,adjective,qualificative,n/a,common,invariable,n/a,n/a
xxx,505,adjective,qualificative,n/a,common,invariable,n/a,n/a
aceptable,1,adjective,qualificative,n/a,common,plural,n/a,n/a
afín,3,adjective,qualificative,n/a,common,plural,n/a,n/a
ambiental,2,adjective,qualificative,n/a,common,plural,n/a,n/a
antagonista,1,adjective,qualificative,n/a,common,plural,n/a,n/a
anterior,1,adjective,qualificative,n/a,common,plural,n/a,n/a
antifascista,3,adjective,qualificative,n/a,common,plural,n/a,n/a
azul,3,adjective,qualificative,n/a,common,plural,n/a,n/a
bisexual,1,adjective,qualificative,n/a,common,plural,n/a,n/a
brutal,1,adjective,qualificative,n/a,common,plural,n/a,n/a
capaz,5,adjective,qualificative,n/a,common,plural,n/a,n/a
cargante,1,adjective,qualificative,n/a,common,plural,n/a,n/a
civil,1,adjective,qualificative,n/a,common,plural,n/a,n/a
clasista,1,adjective,qualificative,n/a,common,plural,n/a,n/a
comercial,2,adjective,qualificative,n/a,common,plural,n/a,n/a
competente,1,adjective,qualificative,n/a,common,plural,n/a,n/a
común,2,adjective,qualificative,n/a,common,plural,n/a,n/a
consciente,1,adjective,qualificative,n/a,common,plural,n/a,n/a
controlable,1,adjective,qualificative,n/a,common,plural,n/a,n/a
corporativista,1,adjective,qualificative,n/a,common,plural,n/a,n/a
corregible,1,adjective,qualificative,n/a,common,plural,n/a,n/a
corriente,2,adjective,qualificative,n/a,common,plural,n/a,n/a
crucial,1,adjective,qualificative,n/a,common,plural,n/a,n/a
cruel,2,adjective,qualificative,n/a,common,plural,n/a,n/a
cultural,3,adjective,qualificative,n/a,common,plural,n/a,n/a
decente,1,adjective,qualificative,n/a,common,plural,n/a,n/a
determinante,1,adjective,qualificative,n/a,common,plural,n/a,n/a
diferente,6,adjective,qualificative,n/a,common,plural,n/a,n/a
difícil,1,adjective,qualificative,n/a,common,plural,n/a,n/a
digital,1,adjective,qualificative,n/a,common,plural,n/a,n/a
ecologista,1,adjective,qualificative,n/a,common,plural,n/a,n/a
editorial,3,adjective,qualificative,n/a,common,plural,n/a,n/a
elemental,1,adjective,qualificative,n/a,common,plural,n/a,n/a
elitista,1,adjective,qualificative,n/a,common,plural,n/a,n/a
enorme,4,adjective,qualificative,n/a,common,plural,n/a,n/a
entrante,1,adjective,qualificative,n/a,common,plural,n/a,n/a
espacial,1,adjective,qualificative,n/a,common,plural,n/a,n/a
especial,2,adjective,qualificative,n/a,common,plural,n/a,n/a
estructural,1,adjective,qualificative,n/a,common,plural,n/a,n/a
excelente,1,adjective,qualificative,n/a,common,plural,n/a,n/a
excepcional,1,adjective,qualificative,n/a,common,plural,n/a,n/a
exigente,2,adjective,qualificative,n/a,common,plural,n/a,n/a
existente,1,adjective,qualificative,n/a,common,plural,n/a,n/a
feliz,2,adjective,qualificative,n/a,common,plural,n/a,n/a
feroz,2,adjective,qualificative,n/a,common,plural,n/a,n/a
final,3,adjective,qualificative,n/a,common,plural,n/a,n/a
formal,1,adjective,qualificative,n/a,common,plural,n/a,n/a
formidable,2,adjective,qualificative,n/a,common,plural,n/a,n/a
frecuente,1,adjective,qualificative,n/a,common,plural,n/a,n/a
fuerte,1,adjective,qualificative,n/a,common,plural,n/a,n/a
funcional,2,adjective,qualificative,n/a,common,plural,n/a,n/a
fundamental,3,adjective,qualificative,n/a,common,plural,n/a,n/a
futurible,1,adjective,qualificative,n/a,common,plural,n/a,n/a
futurista,1,adjective,qualificative,n/a,common,plural,n/a,n/a
fácil,1,adjective,qualificative,n/a,common,plural,n/a,n/a
gay,4,adjective,qualificative,n/a,common,plural,n/a,n/a
general,6,adjective,qualificative,n/a,common,plural,n/a,n/a
generalista,1,adjective,qualificative,n/a,common,plural,n/a,n/a
genial,1,adjective,qualificative,n/a,common,plural,n/a,n/a
gramatical,1,adjective,qualificative,n/a,common,plural,n/a,n/a
grande,34,adjective,qualificative,n/a,common,plural,n/a,n/a
hablado-musicales,1,adjective,qualificative,n/a,common,plural,n/a,n/a
hippie,1,adjective,qualificative,n/a,common,plural,n/a,n/a
horrible,2,adjective,qualificative,n/a,common,plural,n/a,n/a
idiota,1,adjective,qualificative,n/a,common,plural,n/a,n/a
igual,2,adjective,qualificative,n/a,common,plural,n/a,n/a
impermeable,1,adjective,qualificative,n/a,common,plural,n/a,n/a
importante,18,adjective,qualificative,n/a,common,plural,n/a,n/a
incapaz,2,adjective,qualificative,n/a,common,plural,n/a,n/a
increíble,3,adjective,qualificative,n/a,common,plural,n/a,n/a
incunable,1,adjective,qualificative,n/a,common,plural,n/a,n/a
independiente,1,adjective,qualificative,n/a,common,plural,n/a,n/a
individual,2,adjective,qualificative,n/a,common,plural,n/a,n/a
industrial,1,adjective,qualificative,n/a,common,plural,n/a,n/a
infantil,1,adjective,qualificative,n/a,common,plural,n/a,n/a
inicial,2,adjective,qualificative,n/a,common,plural,n/a,n/a
interesante,3,adjective,qualificative,n/a,common,plural,n/a,n/a
internacional,1,adjective,qualificative,n/a,common,plural,n/a,n/a
lamentable,2,adjective,qualificative,n/a,common,plural,n/a,n/a
leve,1,adjective,qualificative,n/a,common,plural,n/a,n/a
libre,1,adjective,qualificative,n/a,common,plural,n/a,n/a
local,2,adjective,qualificative,n/a,common,plural,n/a,n/a
malsonante,1,adjective,qualificative,n/a,common,plural,n/a,n/a
maoísta,1,adjective,qualificative,n/a,common,plural,n/a,n/a
mayor,9,adjective,qualificative,n/a,common,plural,n/a,n/a
mejor,7,adjective,qualificative,n/a,common,plural,n/a,n/a
menor,1,adjective,qualificative,n/a,common,plural,n/a,n/a
militar,2,adjective,qualificative,n/a,common,plural,n/a,n/a
mortal,1,adjective,qualificative,n/a,common,plural,n/a,n/a
mueble,1,adjective,qualificative,n/a,common,plural,n/a,n/a
municipal,2,adjective,qualificative,n/a,common,plural,n/a,n/a
musical,1,adjective,qualificative,n/a,common,plural,n/a,n/a
nacional,1,adjective,qualificative,n/a,common,plural,n/a,n/a
natural,1,adjective,qualificative,n/a,common,plural,n/a,n/a
neonazi,2,adjective,qualificative,n/a,common,plural,n/a,n/a
normal,6,adjective,qualificative,n/a,common,plural,n/a,n/a
notable,1,adjective,qualificative,n/a,common,plural,n/a,n/a
oficial,2,adjective,qualificative,n/a,common,plural,n/a,n/a
opcional,1,adjective,qualificative,n/a,common,plural,n/a,n/a
oral,1,adjective,qualificative,n/a,common,plural,n/a,n/a
particular,2,adjective,qualificative,n/a,common,plural,n/a,n/a
peculiar,1,adjective,qualificative,n/a,common,plural,n/a,n/a
personal,2,adjective,qualificative,n/a,common,plural,n/a,n/a
pobre,2,adjective,qualificative,n/a,common,plural,n/a,n/a
popular,2,adjective,qualificative,n/a,common,plural,n/a,n/a
posterior,2,adjective,qualificative,n/a,common,plural,n/a,n/a
postre,1,adjective,qualificative,n/a,common,plural,n/a,n/a
prescindible,1,adjective,qualificative,n/a,common,plural,n/a,n/a
presente,2,adjective,qualificative,n/a,common,plural,n/a,n/a
principal,1,adjective,qualificative,n/a,common,plural,n/a,n/a
procedente,1,adjective,qualificative,n/a,common,plural,n/a,n/a
profesional,4,adjective,qualificative,n/a,common,plural,n/a,n/a
provincial,1,adjective,qualificative,n/a,common,plural,n/a,n/a
pudiente,1,adjective,qualificative,n/a,common,plural,n/a,n/a
pueril,1,adjective,qualificative,n/a,common,plural,n/a,n/a
real,1,adjective,qualificative,n/a,common,plural,n/a,n/a
reciente,1,adjective,qualificative,n/a,common,plural,n/a,n/a
recomendable,1,adjective,qualificative,n/a,common,plural,n/a,n/a
reconocible,1,adjective,qualificative,n/a,common,plural,n/a,n/a
regular,1,adjective,qualificative,n/a,common,plural,n/a,n/a
rentable,1,adjective,qualificative,n/a,common,plural,n/a,n/a
saliente,1,adjective,qualificative,n/a,common,plural,n/a,n/a
social,1,adjective,qualificative,n/a,common,plural,n/a,n/a
suficiente,1,adjective,qualificative,n/a,common,plural,n/a,n/a
supereficaz,1,adjective,qualificative,n/a,common,plural,n/a,n/a
superior,1,adjective,qualificative,n/a,common,plural,n/a,n/a
temporal,1,adjective,qualificative,n/a,common,plural,n/a,n/a
terrible,2,adjective,qualificative,n/a,common,plural,n/a,n/a
toiles,4,adjective,qualificative,n/a,common,plural,n/a,n/a
torpe,1,adjective,qualificative,n/a,common,plural,n/a,n/a
tradicional,3,adjective,qualificative,n/a,common,plural,n/a,n/a
verde,5,adjective,qualificative,n/a,common,plural,n/a,n/a
virtual,3,adjective,qualificative,n/a,common,plural,n/a,n/a
visible,1,adjective,qualificative,n/a,common,plural,n/a,n/a
visual,1,adjective,qualificative,n/a,common,plural,n/a,n/a
árabe,1,adjective,qualificative,n/a,common,plural,n/a,n/a
abundante,1,adjective,qualificative,n/a,common,singular,n/a,n/a
accesible,1,adjective,qualificative,n/a,common,singular,n/a,n/a
aceptable,1,adjective,qualificative,n/a,common,singular,n/a,n/a
actual,3,adjective,qualificative,n/a,common,singular,n/a,n/a
afable,1,adjective,qualificative,n/a,common,singular,n/a,n/a
agradable,8,adjective,qualificative,n/a,common,singular,n/a,n/a
amable,3,adjective,qualificative,n/a,common,singular,n/a,n/a
ambiental,2,adjective,qualificative,n/a,common,singular,n/a,n/a
anterior,13,adjective,qualificative,n/a,common,singular,n/a,n/a
antinacionalista,1,adjective,qualificative,n/a,common,singular,n/a,n/a
antiracista,1,adjective,qualificative,n/a,common,singular,n/a,n/a
apasionante,3,adjective,qualificative,n/a,common,singular,n/a,n/a
artesanal,4,adjective,qualificative,n/a,common,singular,n/a,n/a
asequible,1,adjective,qualificative,n/a,common,singular,n/a,n/a
azul,1,adjective,qualificative,n/a,common,singular,n/a,n/a
añadie,1,adjective,qualificative,n/a,common,singular,n/a,n/a
balbuceante,1,adjective,qualificative,n/a,common,singular,n/a,n/a
banal,1,adjective,qualificative,n/a,common,singular,n/a,n/a
bestial,2,adjective,qualificative,n/a,common,singular,n/a,n/a
bicultural,1,adjective,qualificative,n/a,common,singular,n/a,n/a
bilingüe,1,adjective,qualificative,n/a,common,singular,n/a,n/a
breve,4,adjective,qualificative,n/a,common,singular,n/a,n/a
brillante,4,adjective,qualificative,n/a,common,singular,n/a,n/a
brutal,1,adjective,qualificative,n/a,common,singular,n/a,n/a
caliente,3,adjective,qualificative,n/a,common,singular,n/a,n/a
capaz,13,adjective,qualificative,n/a,common,singular,n/a,n/a
capitalista,1,adjective,qualificative,n/a,common,singular,n/a,n/a
casual,2,adjective,qualificative,n/a,common,singular,n/a,n/a
central,3,adjective,qualificative,n/a,common,singular,n/a,n/a
cesante,1,adjective,qualificative,n/a,common,singular,n/a,n/a
chocante,1,adjective,qualificative,n/a,common,singular,n/a,n/a
circunstancial,1,adjective,qualificative,n/a,common,singular,n/a,n/a
civil,1,adjective,qualificative,n/a,common,singular,n/a,n/a
clasista,1,adjective,qualificative,n/a,common,singular,n/a,n/a
cocible,1,adjective,qualificative,n/a,common,singular,n/a,n/a
comercial,10,adjective,qualificative,n/a,common,singular,n/a,n/a
comparable,1,adjective,qualificative,n/a,common,singular,n/a,n/a
comprensible,1,adjective,qualificative,n/a,common,singular,n/a,n/a
computacional,1,adjective,qualificative,n/a,common,singular,n/a,n/a
común,1,adjective,qualificative,n/a,common,singular,n/a,n/a
conductual,1,adjective,qualificative,n/a,common,singular,n/a,n/a
consciente,1,adjective,qualificative,n/a,common,singular,n/a,n/a
considerable,1,adjective,qualificative,n/a,common,singular,n/a,n/a
constante,1,adjective,qualificative,n/a,common,singular,n/a,n/a
constatable,1,adjective,qualificative,n/a,common,singular,n/a,n/a
consumista,1,adjective,qualificative,n/a,common,singular,n/a,n/a
consustancial,1,adjective,qualificative,n/a,common,singular,n/a,n/a
cruel,10,adjective,qualificative,n/a,common,singular,n/a,n/a
crujiente,1,adjective,qualificative,n/a,common,singular,n/a,n/a
culpable,2,adjective,qualificative,n/a,common,singular,n/a,n/a
cultural,9,adjective,qualificative,n/a,common,singular,n/a,n/a
cutre,3,adjective,qualificative,n/a,common,singular,n/a,n/a
decente,3,adjective,qualificative,n/a,common,singular,n/a,n/a
deficiente,1,adjective,qualificative,n/a,common,singular,n/a,n/a
dependiente,1,adjective,qualificative,n/a,common,singular,n/a,n/a
desagradable,2,adjective,qualificative,n/a,common,singular,n/a,n/a
deseable,2,adjective,qualificative,n/a,common,singular,n/a,n/a
diferente,10,adjective,qualificative,n/a,common,singular,n/a,n/a
difícil,28,adjective,qualificative,n/a,common,singular,n/a,n/a
digital,9,adjective,qualificative,n/a,common,singular,n/a,n/a
discutible,1,adjective,qualificative,n/a,common,singular,n/a,n/a
disponible,1,adjective,qualificative,n/a,common,singular,n/a,n/a
doble,3,adjective,qualificative,n/a,common,singular,n/a,n/a
docente,7,adjective,qualificative,n/a,common,singular,n/a,n/a
dominical,1,adjective,qualificative,n/a,common,singular,n/a,n/a
dulce,2,adjective,qualificative,n/a,common,singular,n/a,n/a
ecologista,3,adjective,qualificative,n/a,common,singular,n/a,n/a
editorial,12,adjective,qualificative,n/a,common,singular,n/a,n/a
elegante,1,adjective,qualificative,n/a,common,singular,n/a,n/a
emigrante,1,adjective,qualificative,n/a,common,singular,n/a,n/a
emocionante,2,adjective,qualificative,n/a,common,singular,n/a,n/a
empresarial,6,adjective,qualificative,n/a,common,singular,n/a,n/a
enorme,10,adjective,qualificative,n/a,common,singular,n/a,n/a
escolar,1,adjective,qualificative,n/a,common,singular,n/a,n/a
esencial,1,adjective,qualificative,n/a,common,singular,n/a,n/a
españolista,1,adjective,qualificative,n/a,common,singular,n/a,n/a
especial,5,adjective,qualificative,n/a,common,singular,n/a,n/a
estable,1,adjective,qualificative,n/a,common,singular,n/a,n/a
estacional,1,adjective,qualificative,n/a,common,singular,n/a,n/a
estamental,1,adjective,qualificative,n/a,common,singular,n/a,n/a
estatal,3,adjective,qualificative,n/a,common,singular,n/a,n/a
esterilizante,1,adjective,qualificative,n/a,common,singular,n/a,n/a
estructural,1,adjective,qualificative,n/a,common,singular,n/a,n/a
estándar,2,adjective,qualificative,n/a,common,singular,n/a,n/a
estéril,1,adjective,qualificative,n/a,common,singular,n/a,n/a
evidente,4,adjective,qualificative,n/a,common,singular,n/a,n/a
excelente,1,adjective,qualificative,n/a,common,singular,n/a,n/a
excepcional,3,adjective,qualificative,n/a,common,singular,n/a,n/a
existente,2,adjective,qualificative,n/a,common,singular,n/a,n/a
experimental,1,adjective,qualificative,n/a,common,singular,n/a,n/a
exterior,3,adjective,qualificative,n/a,common,singular,n/a,n/a
extraterrestre,1,adjective,qualificative,n/a,common,singular,n/a,n/a
falangista,1,adjective,qualificative,n/a,common,singular,n/a,n/a
familiar,5,adjective,qualificative,n/a,common,singular,n/a,n/a
fascista,1,adjective,qualificative,n/a,common,singular,n/a,n/a
fatal,4,adjective,qualificative,n/a,common,singular,n/a,n/a
feliz,2,adjective,qualificative,n/a,common,singular,n/a,n/a
feminista,1,adjective,qualificative,n/a,common,singular,n/a,n/a
fenomenal,4,adjective,qualificative,n/a,common,singular,n/a,n/a
feudal,1,adjective,qualificative,n/a,common,singular,n/a,n/a
final,6,adjective,qualificative,n/a,common,singular,n/a,n/a
finalista,1,adjective,qualificative,n/a,common,singular,n/a,n/a
fiscal,1,adjective,qualificative,n/a,common,singular,n/a,n/a
flexible,1,adjective,qualificative,n/a,common,singular,n/a,n/a
forestal,1,adjective,qualificative,n/a,common,singular,n/a,n/a
frecuente,6,adjective,qualificative,n/a,common,singular,n/a,n/a
fuerte,10,adjective,qualificative,n/a,common,singular,n/a,n/a
funcional,3,adjective,qualificative,n/a,common,singular,n/a,n/a
fundamental,6,adjective,qualificative,n/a,common,singular,n/a,n/a
fácil,42,adjective,qualificative,n/a,common,singular,n/a,n/a
garrafal,2,adjective,qualificative,n/a,common,singular,n/a,n/a
gay,2,adjective,qualificative,n/a,common,singular,n/a,n/a
general,25,adjective,qualificative,n/a,common,singular,n/a,n/a
genial,9,adjective,qualificative,n/a,common,singular,n/a,n/a
global,3,adjective,qualificative,n/a,common,singular,n/a,n/a
gran,45,adjective,qualificative,n/a,common,singular,n/a,n/a
grande,22,adjective,qualificative,n/a,common,singular,n/a,n/a
gratificante,1,adjective,qualificative,n/a,common,singular,n/a,n/a
grave,4,adjective,qualificative,n/a,common,singular,n/a,n/a
gris,2,adjective,qualificative,n/a,common,singular,n/a,n/a
habitual,2,adjective,qualificative,n/a,common,singular,n/a,n/a
heterosexual,1,adjective,qualificative,n/a,common,singular,n/a,n/a
horizontal,1,adjective,qualificative,n/a,common,singular,n/a,n/a
horrible,6,adjective,qualificative,n/a,common,singular,n/a,n/a
hortera,1,adjective,qualificative,n/a,common,singular,n/a,n/a
igual,24,adjective,qualificative,n/a,common,singular,n/a,n/a
imbécil,1,adjective,qualificative,n/a,common,singular,n/a,n/a
importante,49,adjective,qualificative,n/a,common,singular,n/a,n/a
imposible,9,adjective,qualificative,n/a,common,singular,n/a,n/a
imprescindible,3,adjective,qualificative,n/a,common,singular,n/a,n/a
impresionante,9,adjective,qualificative,n/a,common,singular,n/a,n/a
inaprensible,1,adjective,qualificative,n/a,common,singular,n/a,n/a
inasible,1,adjective,qualificative,n/a,common,singular,n/a,n/a
incompatible,1,adjective,qualificative,n/a,common,singular,n/a,n/a
incompetente,1,adjective,qualificative,n/a,common,singular,n/a,n/a
inconsciente,1,adjective,qualificative,n/a,common,singular,n/a,n/a
increíble,6,adjective,qualificative,n/a,common,singular,n/a,n/a
incuestionable,1,adjective,qualificative,n/a,common,singular,n/a,n/a
independiente,4,adjective,qualificative,n/a,common,singular,n/a,n/a
indignante,1,adjective,qualificative,n/a,common,singular,n/a,n/a
individual,4,adjective,qualificative,n/a,common,singular,n/a,n/a
individualista,1,adjective,qualificative,n/a,common,singular,n/a,n/a
industrial,2,adjective,qualificative,n/a,common,singular,n/a,n/a
indígena,1,adjective,qualificative,n/a,common,singular,n/a,n/a
inevitable,1,adjective,qualificative,n/a,common,singular,n/a,n/a
infernal,1,adjective,qualificative,n/a,common,singular,n/a,n/a
inicial,1,adjective,qualificative,n/a,common,singular,n/a,n/a
insaciable,1,adjective,qualificative,n/a,common,singular,n/a,n/a
insostenible,3,adjective,qualificative,n/a,common,singular,n/a,n/a
instrumental,1,adjective,qualificative,n/a,common,singular,n/a,n/a
insuficiente,2,adjective,qualificative,n/a,common,singular,n/a,n/a
intelectual,1,adjective,qualificative,n/a,common,singular,n/a,n/a
inteligente,2,adjective,qualificative,n/a,common,singular,n/a,n/a
interesante,31,adjective,qualificative,n/a,common,singular,n/a,n/a
interior,1,adjective,qualificative,n/a,common,singular,n/a,n/a
internacional,8,adjective,qualificative,n/a,common,singular,n/a,n/a
interprovincial,1,adjective,qualificative,n/a,common,singular,n/a,n/a
interregional,1,adjective,qualificative,n/a,common,singular,n/a,n/a
irreal,1,adjective,qualificative,n/a,common,singular,n/a,n/a
irrecuperable,1,adjective,qualificative,n/a,common,singular,n/a,n/a
irregular,1,adjective,qualificative,n/a,common,singular,n/a,n/a
joven,6,adjective,qualificative,n/a,common,singular,n/a,n/a
laboral,10,adjective,qualificative,n/a,common,singular,n/a,n/a
lamentable,2,adjective,qualificative,n/a,common,singular,n/a,n/a
legal,2,adjective,qualificative,n/a,common,singular,n/a,n/a
libre,4,adjective,qualificative,n/a,common,singular,n/a,n/a
light,1,adjective,qualificative,n/a,common,singular,n/a,n/a
local,4,adjective,qualificative,n/a,common,singular,n/a,n/a
machista,5,adjective,qualificative,n/a,common,singular,n/a,n/a
manual,2,adjective,qualificative,n/a,common,singular,n/a,n/a
mayor,31,adjective,qualificative,n/a,common,singular,n/a,n/a
mayorista,1,adjective,qualificative,n/a,common,singular,n/a,n/a
mediocre,3,adjective,qualificative,n/a,common,singular,n/a,n/a
mejor,108,adjective,qualificative,n/a,common,singular,n/a,n/a
menor,7,adjective,qualificative,n/a,common,singular,n/a,n/a
mercantil,1,adjective,qualificative,n/a,common,singular,n/a,n/a
mercantilista,1,adjective,qualificative,n/a,common,singular,n/a,n/a
militar,10,adjective,qualificative,n/a,common,singular,n/a,n/a
mundanal,1,adjective,qualificative,n/a,common,singular,n/a,n/a
mundial,1,adjective,qualificative,n/a,common,singular,n/a,n/a
municipal,4,adjective,qualificative,n/a,common,singular,n/a,n/a
musical,1,adjective,qualificative,n/a,common,singular,n/a,n/a
nacional,10,adjective,qualificative,n/a,common,singular,n/a,n/a
nal,1,adjective,qualificative,n/a,common,singular,n/a,n/a
natural,4,adjective,qualificative,n/a,common,singular,n/a,n/a
neonazi,1,adjective,qualificative,n/a,common,singular,n/a,n/a
normal,14,adjective,qualificative,n/a,common,singular,n/a,n/a
oficial,3,adjective,qualificative,n/a,common,singular,n/a,n/a
oral,1,adjective,qualificative,n/a,common,singular,n/a,n/a
original,4,adjective,qualificative,n/a,common,singular,n/a,n/a
oyente,1,adjective,qualificative,n/a,common,singular,n/a,n/a
palpable,1,adjective,qualificative,n/a,common,singular,n/a,n/a
parcial,1,adjective,qualificative,n/a,common,singular,n/a,n/a
particular,3,adjective,qualificative,n/a,common,singular,n/a,n/a
patente,1,adjective,qualificative,n/a,common,singular,n/a,n/a
peatonal,3,adjective,qualificative,n/a,common,singular,n/a,n/a
peculiar,2,adjective,qualificative,n/a,common,singular,n/a,n/a
pendiente,1,adjective,qualificative,n/a,common,singular,n/a,n/a
peor,9,adjective,qualificative,n/a,common,singular,n/a,n/a
permanente,2,adjective,qualificative,n/a,common,singular,n/a,n/a
permeable,1,adjective,qualificative,n/a,common,singular,n/a,n/a
personal,5,adjective,qualificative,n/a,common,singular,n/a,n/a
pesimista,1,adjective,qualificative,n/a,common,singular,n/a,n/a
picante,1,adjective,qualificative,n/a,common,singular,n/a,n/a
pobre,9,adjective,qualificative,n/a,common,singular,n/a,n/a
polivalente,1,adjective,qualificative,n/a,common,singular,n/a,n/a
popular,1,adjective,qualificative,n/a,common,singular,n/a,n/a
portátil,3,adjective,qualificative,n/a,common,singular,n/a,n/a
posible,9,adjective,qualificative,n/a,common,singular,n/a,n/a
posterior,4,adjective,qualificative,n/a,common,singular,n/a,n/a
postre,1,adjective,qualificative,n/a,common,singular,n/a,n/a
potencial,1,adjective,qualificative,n/a,common,singular,n/a,n/a
preocupante,1,adjective,qualificative,n/a,common,singular,n/a,n/a
presente,4,adjective,qualificative,n/a,common,singular,n/a,n/a
principiante,1,adjective,qualificative,n/a,common,singular,n/a,n/a
probable,1,adjective,qualificative,n/a,common,singular,n/a,n/a
profesional,9,adjective,qualificative,n/a,common,singular,n/a,n/a
progresista,2,adjective,qualificative,n/a,common,singular,n/a,n/a
proveniente,2,adjective,qualificative,n/a,common,singular,n/a,n/a
prudente,1,adjective,qualificative,n/a,common,singular,n/a,n/a
pseudo,3,adjective,qualificative,n/a,common,singular,n/a,n/a
purista,1,adjective,qualificative,n/a,common,singular,n/a,n/a
racial,1,adjective,qualificative,n/a,common,singular,n/a,n/a
racista,1,adjective,qualificative,n/a,common,singular,n/a,n/a
razonable,1,adjective,qualificative,n/a,common,singular,n/a,n/a
real,7,adjective,qualificative,n/a,common,singular,n/a,n/a
reciente,3,adjective,qualificative,n/a,common,singular,n/a,n/a
regular,1,adjective,qualificative,n/a,common,singular,n/a,n/a
relacional,1,adjective,qualificative,n/a,common,singular,n/a,n/a
rentable,3,adjective,qualificative,n/a,common,singular,n/a,n/a
residual,1,adjective,qualificative,n/a,common,singular,n/a,n/a
rosa,1,adjective,qualificative,n/a,common,singular,n/a,n/a
semanal,1,adjective,qualificative,n/a,common,singular,n/a,n/a
sentimental,1,adjective,qualificative,n/a,common,singular,n/a,n/a
siguiente,11,adjective,qualificative,n/a,common,singular,n/a,n/a
similar,3,adjective,qualificative,n/a,common,singular,n/a,n/a
simple,2,adjective,qualificative,n/a,common,singular,n/a,n/a
sobresaliente,1,adjective,qualificative,n/a,common,singular,n/a,n/a
social,22,adjective,qualificative,n/a,common,singular,n/a,n/a
suave,1,adjective,qualificative,n/a,common,singular,n/a,n/a
sublime,1,adjective,qualificative,n/a,common,singular,n/a,n/a
suficiente,9,adjective,qualificative,n/a,common,singular,n/a,n/a
superficial,1,adjective,qualificative,n/a,common,singular,n/a,n/a
superimportante,1,adjective,qualificative,n/a,common,singular,n/a,n/a
superior,3,adjective,qualificative,n/a,common,singular,n/a,n/a
superoriginal,1,adjective,qualificative,n/a,common,singular,n/a,n/a
sustancial,1,adjective,qualificative,n/a,common,singular,n/a,n/a
tercermundista,1,adjective,qualificative,n/a,common,singular,n/a,n/a
terrible,2,adjective,qualificative,n/a,common,singular,n/a,n/a
total,9,adjective,qualificative,n/a,common,singular,n/a,n/a
tradicional,11,adjective,qualificative,n/a,common,singular,n/a,n/a
triste,8,adjective,qualificative,n/a,common,singular,n/a,n/a
trivial,5,adjective,qualificative,n/a,common,singular,n/a,n/a
uniforme,1,adjective,qualificative,n/a,common,singular,n/a,n/a
universal,2,adjective,qualificative,n/a,common,singular,n/a,n/a
urgente,3,adjective,qualificative,n/a,common,singular,n/a,n/a
valiente,1,adjective,qualificative,n/a,common,singular,n/a,n/a
verbal,1,adjective,qualificative,n/a,common,singular,n/a,n/a
verde,10,adjective,qualificative,n/a,common,singular,n/a,n/a
vertebral,1,adjective,qualificative,n/a,common,singular,n/a,n/a
vil,1,adjective,qualificative,n/a,common,singular,n/a,n/a
visual,1,adjective,qualificative,n/a,common,singular,n/a,n/a
vital,1,adjective,qualificative,n/a,common,singular,n/a,n/a
vocacional,2,adjective,qualificative,n/a,common,singular,n/a,n/a
árabe,1,adjective,qualificative,n/a,common,singular,n/a,n/a
útil,3,adjective,qualificative,n/a,common,singular,n/a,n/a
alto,2,adjective,qualificative,n/a,feminine,plural,n/a,n/a
amarillo,2,adjective,qualificative,n/a,feminine,plural,n/a,n/a
amigo,2,adjective,qualificative,n/a,feminine,plural,n/a,n/a
anecdótico,1,adjective,qualificative,n/a,feminine,plural,n/a,n/a
anodino,1,adjective,qualificative,n/a,feminine,plural,n/a,n/a
antiguo,2,adjective,qualificative,n/a,feminine,plural,n/a,n/a
arenoso,1,adjective,qualificative,n/a,feminine,plural,n/a,n/a
artístico,1,adjective,qualificative,n/a,feminine,plural,n/a,n/a
automovilístico,1,adjective,qualificative,n/a,feminine,plural,n/a,n/a
automático,1,adjective,qualificative,n/a,feminine,plural,n/a,n/a
auténtico,2,adjective,qualificative,n/a,feminine,plural,n/a,n/a
bajo,1,adjective,qualificative,n/a,feminine,plural,n/a,n/a
barato,2,adjective,qualificative,n/a,feminine,plural,n/a,n/a
blanco,2,adjective,qualificative,n/a,feminine,plural,n/a,n/a
bonito,1,adjective,qualificative,n/a,feminine,plural,n/a,n/a
bueno,13,adjective,qualificative,n/a,feminine,plural,n/a,n/a
básico,1,adjective,qualificative,n/a,feminine,plural,n/a,n/a
caldoso,1,adjective,qualificative,n/a,feminine,plural,n/a,n/a
canónico,1,adjective,qualificative,n/a,feminine,plural,n/a,n/a
caro,1,adjective,qualificative,n/a,feminine,plural,n/a,n/a
castellano,1,adjective,qualificative,n/a,feminine,plural,n/a,n/a
castizo,2,adjective,qualificative,n/a,feminine,plural,n/a,n/a
cibernético,1,adjective,qualificative,n/a,feminine,plural,n/a,n/a
científico,1,adjective,qualificative,n/a,feminine,plural,n/a,n/a
claro,4,adjective,qualificative,n/a,feminine,plural,n/a,n/a
clásico,1,adjective,qualificative,n/a,feminine,plural,n/a,n/a
cognitivo,1,adjective,qualificative,n/a,feminine,plural,n/a,n/a
cojo,1,adjective,qualificative,n/a,feminine,plural,n/a,n/a
complejo,1,adjective,qualificative,n/a,feminine,plural,n/a,n/a
completo,3,adjective,qualificative,n/a,feminine,plural,n/a,n/a
concreto,1,adjective,qualificative,n/a,feminine,plural,n/a,n/a
confuso,1,adjective,qualificative,n/a,feminine,plural,n/a,n/a
corto,2,adjective,qualificative,n/a,feminine,plural,n/a,n/a
crudo,2,adjective,qualificative,n/a,feminine,plural,n/a,n/a
culto,1,adjective,qualificative,n/a,feminine,plural,n/a,n/a
curioso,1,adjective,qualificative,n/a,feminine,plural,n/a,n/a
cuéntamelas,1,adjective,qualificative,n/a,feminine,plural,n/a,n/a
democrático,1,adjective,qualificative,n/a,feminine,plural,n/a,n/a
dicharachero,1,adjective,qualificative,n/a,feminine,plural,n/a,n/a
didáctico,2,adjective,qualificative,n/a,feminine,plural,n/a,n/a
directivo,1,adjective,qualificative,n/a,feminine,plural,n/a,n/a
discográfico,4,adjective,qualificative,n/a,feminine,plural,n/a,n/a
distinto,6,adjective,qualificative,n/a,feminine,plural,n/a,n/a
duro,1,adjective,qualificative,n/a,feminine,plural,n/a,n/a
económico,3,adjective,qualificative,n/a,feminine,plural,n/a,n/a
educativo,1,adjective,qualificative,n/a,feminine,plural,n/a,n/a
electrónico,1,adjective,qualificative,n/a,feminine,plural,n/a,n/a
entero,4,adjective,qualificative,n/a,feminine,plural,n/a,n/a
espacioso,1,adjective,qualificative,n/a,feminine,plural,n/a,n/a
espantoso,1,adjective,qualificative,n/a,feminine,plural,n/a,n/a
español,6,adjective,qualificative,n/a,feminine,plural,n/a,n/a
estupendo,3,adjective,qualificative,n/a,feminine,plural,n/a,n/a
europeo,4,adjective,qualificative,n/a,feminine,plural,n/a,n/a
exquisito,2,adjective,qualificative,n/a,feminine,plural,n/a,n/a
extranjero,1,adjective,qualificative,n/a,feminine,plural,n/a,n/a
extraordinario,1,adjective,qualificative,n/a,feminine,plural,n/a,n/a
exótico,1,adjective,qualificative,n/a,feminine,plural,n/a,n/a
feo,2,adjective,qualificative,n/a,feminine,plural,n/a,n/a
filosófico,1,adjective,qualificative,n/a,feminine,plural,n/a,n/a
finito,3,adjective,qualificative,n/a,feminine,plural,n/a,n/a
fino,1,adjective,qualificative,n/a,feminine,plural,n/a,n/a
flamenco,1,adjective,qualificative,n/a,feminine,plural,n/a,n/a
fotomecánico,1,adjective,qualificative,n/a,feminine,plural,n/a,n/a
francés,7,adjective,qualificative,n/a,feminine,plural,n/a,n/a
futuro,1,adjective,qualificative,n/a,feminine,plural,n/a,n/a
genuino,1,adjective,qualificative,n/a,feminine,plural,n/a,n/a
geográfico,1,adjective,qualificative,n/a,feminine,plural,n/a,n/a
gracioso,1,adjective,qualificative,n/a,feminine,plural,n/a,n/a
guapo,2,adjective,qualificative,n/a,feminine,plural,n/a,n/a
ilógico,2,adjective,qualificative,n/a,feminine,plural,n/a,n/a
infinito,1,adjective,qualificative,n/a,feminine,plural,n/a,n/a
informático,1,adjective,qualificative,n/a,feminine,plural,n/a,n/a
inmenso,1,adjective,qualificative,n/a,feminine,plural,n/a,n/a
intestino,1,adjective,qualificative,n/a,feminine,plural,n/a,n/a
japonés,2,adjective,qualificative,n/a,feminine,plural,n/a,n/a
junto,2,adjective,qualificative,n/a,feminine,plural,n/a,n/a
justo,1,adjective,qualificative,n/a,feminine,plural,n/a,n/a
largo,1,adjective,qualificative,n/a,feminine,plural,n/a,n/a
loco,2,adjective,qualificative,n/a,feminine,plural,n/a,n/a
maestro,1,adjective,qualificative,n/a,feminine,plural,n/a,n/a
malo,2,adjective,qualificative,n/a,feminine,plural,n/a,n/a
maravilloso,3,adjective,qualificative,n/a,feminine,plural,n/a,n/a
medio,1,adjective,qualificative,n/a,feminine,plural,n/a,n/a
mejorándolas,1,adjective,qualificative,n/a,feminine,plural,n/a,n/a
minúsculo,1,adjective,qualificative,n/a,feminine,plural,n/a,n/a
mismo,7,adjective,qualificative,n/a,feminine,plural,n/a,n/a
moderno,2,adjective,qualificative,n/a,feminine,plural,n/a,n/a
modélico,1,adjective,qualificative,n/a,feminine,plural,n/a,n/a
negro,2,adjective,qualificative,n/a,feminine,plural,n/a,n/a
nuevo,8,adjective,qualificative,n/a,feminine,plural,n/a,n/a
optativo,1,adjective,qualificative,n/a,feminine,plural,n/a,n/a
ortodoxo,1,adjective,qualificative,n/a,feminine,plural,n/a,n/a
paso,2,adjective,qualificative,n/a,feminine,plural,n/a,n/a
penoso,1,adjective,qualificative,n/a,feminine,plural,n/a,n/a
pequeño,7,adjective,qualificative,n/a,feminine,plural,n/a,n/a
peregrino,1,adjective,qualificative,n/a,feminine,plural,n/a,n/a
poderoso,1,adjective,qualificative,n/a,feminine,plural,n/a,n/a
político,4,adjective,qualificative,n/a,feminine,plural,n/a,n/a
precioso,1,adjective,qualificative,n/a,feminine,plural,n/a,n/a
problemático,1,adjective,qualificative,n/a,feminine,plural,n/a,n/a
propio,6,adjective,qualificative,n/a,feminine,plural,n/a,n/a
puro,1,adjective,qualificative,n/a,feminine,plural,n/a,n/a
puñetero,2,adjective,qualificative,n/a,feminine,plural,n/a,n/a
quedo,1,adjective,qualificative,n/a,feminine,plural,n/a,n/a
químico,1,adjective,qualificative,n/a,feminine,plural,n/a,n/a
redondo,1,adjective,qualificative,n/a,feminine,plural,n/a,n/a
reivindicativo,1,adjective,qualificative,n/a,feminine,plural,n/a,n/a
relleno,5,adjective,qualificative,n/a,feminine,plural,n/a,n/a
representativo,1,adjective,qualificative,n/a,feminine,plural,n/a,n/a
rico,1,adjective,qualificative,n/a,feminine,plural,n/a,n/a
ruidoso,1,adjective,qualificative,n/a,feminine,plural,n/a,n/a
rápido,2,adjective,qualificative,n/a,feminine,plural,n/a,n/a
rústico,1,adjective,qualificative,n/a,feminine,plural,n/a,n/a
sangriento,1,adjective,qualificative,n/a,feminine,plural,n/a,n/a
sencillo,2,adjective,qualificative,n/a,feminine,plural,n/a,n/a
serio,1,adjective,qualificative,n/a,feminine,plural,n/a,n/a
sonoro,1,adjective,qualificative,n/a,feminine,plural,n/a,n/a
sucesivo,2,adjective,qualificative,n/a,feminine,plural,n/a,n/a
tardo,1,adjective,qualificative,n/a,feminine,plural,n/a,n/a
temprano,1,adjective,qualificative,n/a,feminine,plural,n/a,n/a
tipográfico,1,adjective,qualificative,n/a,feminine,plural,n/a,n/a
técnico,1,adjective,qualificative,n/a,feminine,plural,n/a,n/a
tímbrico,1,adjective,qualificative,n/a,feminine,plural,n/a,n/a
típico,1,adjective,qualificative,n/a,feminine,plural,n/a,n/a
universitario,1,adjective,qualificative,n/a,feminine,plural,n/a,n/a
urbano,1,adjective,qualificative,n/a,feminine,plural,n/a,n/a
utópico,1,adjective,qualificative,n/a,feminine,plural,n/a,n/a
vacío,3,adjective,qualificative,n/a,feminine,plural,n/a,n/a
valioso,2,adjective,qualificative,n/a,feminine,plural,n/a,n/a
veintitantos,1,adjective,qualificative,n/a,feminine,plural,n/a,n/a
vivo,1,adjective,qualificative,n/a,feminine,plural,n/a,n/a
único,1,adjective,qualificative,n/a,feminine,plural,n/a,n/a
absoluto,2,adjective,qualificative,n/a,feminine,singular,n/a,n/a
absurdo,2,adjective,qualificative,n/a,feminine,singular,n/a,n/a
académico,1,adjective,qualificative,n/a,feminine,singular,n/a,n/a
activo,1,adjective,qualificative,n/a,feminine,singular,n/a,n/a
afectivo,2,adjective,qualificative,n/a,feminine,singular,n/a,n/a
alemán,1,adjective,qualificative,n/a,feminine,singular,n/a,n/a
alto,2,adjective,qualificative,n/a,feminine,singular,n/a,n/a
amargo,2,adjective,qualificative,n/a,feminine,singular,n/a,n/a
ambicioso,2,adjective,qualificative,n/a,feminine,singular,n/a,n/a
americano,3,adjective,qualificative,n/a,feminine,singular,n/a,n/a
amigo,1,adjective,qualificative,n/a,feminine,singular,n/a,n/a
amplio,2,adjective,qualificative,n/a,feminine,singular,n/a,n/a
analfabeto,1,adjective,qualificative,n/a,feminine,singular,n/a,n/a
anecdótico,1,adjective,qualificative,n/a,feminine,singular,n/a,n/a
anfibio,2,adjective,qualificative,n/a,feminine,singular,n/a,n/a
animador,1,adjective,qualificative,n/a,feminine,singular,n/a,n/a
antepasado,1,adjective,qualificative,n/a,feminine,singular,n/a,n/a
antiguo,2,adjective,qualificative,n/a,feminine,singular,n/a,n/a
antipático,1,adjective,qualificative,n/a,feminine,singular,n/a,n/a
anónimo,1,adjective,qualificative,n/a,feminine,singular,n/a,n/a
aragonés,1,adjective,qualificative,n/a,feminine,singular,n/a,n/a
archivístico,1,adjective,qualificative,n/a,feminine,singular,n/a,n/a
artístico,3,adjective,qualificative,n/a,feminine,singular,n/a,n/a
asmático,2,adjective,qualificative,n/a,feminine,singular,n/a,n/a
atractivo,2,adjective,qualificative,n/a,feminine,singular,n/a,n/a
auténtico,1,adjective,qualificative,n/a,feminine,singular,n/a,n/a
aéreo,2,adjective,qualificative,n/a,feminine,singular,n/a,n/a
bajito,4,adjective,qualificative,n/a,feminine,singular,n/a,n/a
bajo,1,adjective,qualificative,n/a,feminine,singular,n/a,n/a
barato,5,adjective,qualificative,n/a,feminine,singular,n/a,n/a
batidor,1,adjective,qualificative,n/a,feminine,singular,n/a,n/a
blanco,4,adjective,qualificative,n/a,feminine,singular,n/a,n/a
blando,2,adjective,qualificative,n/a,feminine,singular,n/a,n/a
bobo,1,adjective,qualificative,n/a,feminine,singular,n/a,n/a
bonito,8,adjective,qualificative,n/a,feminine,singular,n/a,n/a
brasileño,1,adjective,qualificative,n/a,feminine,singular,n/a,n/a
brujo,1,adjective,qualificative,n/a,feminine,singular,n/a,n/a
bueno,41,adjective,qualificative,n/a,feminine,singular,n/a,n/a
básico,2,adjective,qualificative,n/a,feminine,singular,n/a,n/a
caótico,1,adjective,qualificative,n/a,feminine,singular,n/a,n/a
cercano,2,adjective,qualificative,n/a,feminine,singular,n/a,n/a
chino,3,adjective,qualificative,n/a,feminine,singular,n/a,n/a
chiquitito,1,adjective,qualificative,n/a,feminine,singular,n/a,n/a
científico,3,adjective,qualificative,n/a,feminine,singular,n/a,n/a
claro,5,adjective,qualificative,n/a,feminine,singular,n/a,n/a
clásico,5,adjective,qualificative,n/a,feminine,singular,n/a,n/a
cognitivo,2,adjective,qualificative,n/a,feminine,singular,n/a,n/a
comparativo,1,adjective,qualificative,n/a,feminine,singular,n/a,n/a
complejo,1,adjective,qualificative,n/a,feminine,singular,n/a,n/a
completo,4,adjective,qualificative,n/a,feminine,singular,n/a,n/a
concreto,3,adjective,qualificative,n/a,feminine,singular,n/a,n/a
contento,1,adjective,qualificative,n/a,feminine,singular,n/a,n/a
continuo,1,adjective,qualificative,n/a,feminine,singular,n/a,n/a
contrario,1,adjective,qualificative,n/a,feminine,singular,n/a,n/a
convulsivo,1,adjective,qualificative,n/a,feminine,singular,n/a,n/a
correcto,1,adjective,qualificative,n/a,feminine,singular,n/a,n/a
corrector,1,adjective,qualificative,n/a,feminine,singular,n/a,n/a
corto,3,adjective,qualificative,n/a,feminine,singular,n/a,n/a
cotidiano,1,adjective,qualificative,n/a,feminine,singular,n/a,n/a
crudo,1,adjective,qualificative,n/a,feminine,singular,n/a,n/a
culto,1,adjective,qualificative,n/a,feminine,singular,n/a,n/a
cómodo,2,adjective,qualificative,n/a,feminine,singular,n/a,n/a
definitivo,1,adjective,qualificative,n/a,feminine,singular,n/a,n/a
delgado,1,adjective,qualificative,n/a,feminine,singular,n/a,n/a
delicado,1,adjective,qualificative,n/a,feminine,singular,n/a,n/a
delicioso,1,adjective,qualificative,n/a,feminine,singular,n/a,n/a
democrático,4,adjective,qualificative,n/a,feminine,singular,n/a,n/a
derecho,1,adjective,qualificative,n/a,feminine,singular,n/a,n/a
diario,1,adjective,qualificative,n/a,feminine,singular,n/a,n/a
distinto,13,adjective,qualificative,n/a,feminine,singular,n/a,n/a
divulgativo,1,adjective,qualificative,n/a,feminine,singular,n/a,n/a
doméstico,7,adjective,qualificative,n/a,feminine,singular,n/a,n/a
duro,11,adjective,qualificative,n/a,feminine,singular,n/a,n/a
económico,7,adjective,qualificative,n/a,feminine,singular,n/a,n/a
efectivo,1,adjective,qualificative,n/a,feminine,singular,n/a,n/a
ejecutivo,1,adjective,qualificative,n/a,feminine,singular,n/a,n/a
electrónico,1,adjective,qualificative,n/a,feminine,singular,n/a,n/a
encantador,4,adjective,qualificative,n/a,feminine,singular,n/a,n/a
enfermo,1,adjective,qualificative,n/a,feminine,singular,n/a,n/a
entero,3,adjective,qualificative,n/a,feminine,singular,n/a,n/a
enérgico,1,adjective,qualificative,n/a,feminine,singular,n/a,n/a
erróneo,1,adjective,qualificative,n/a,feminine,singular,n/a,n/a
escandinavo,2,adjective,qualificative,n/a,feminine,singular,n/a,n/a
escocés,1,adjective,qualificative,n/a,feminine,singular,n/a,n/a
español,37,adjective,qualificative,n/a,feminine,singular,n/a,n/a
esponjoso,1,adjective,qualificative,n/a,feminine,singular,n/a,n/a
estricto,1,adjective,qualificative,n/a,feminine,singular,n/a,n/a
estupendo,6,adjective,qualificative,n/a,feminine,singular,n/a,n/a
europeo,2,adjective,qualificative,n/a,feminine,singular,n/a,n/a
eva,1,adjective,qualificative,n/a,feminine,singular,n/a,n/a
exacto,1,adjective,qualificative,n/a,feminine,singular,n/a,n/a
experto,1,adjective,qualificative,n/a,feminine,singular,n/a,n/a
exquisito,1,adjective,qualificative,n/a,feminine,singular,n/a,n/a
externo,4,adjective,qualificative,n/a,feminine,singular,n/a,n/a
extranjero,1,adjective,qualificative,n/a,feminine,singular,n/a,n/a
extraordinario,2,adjective,qualificative,n/a,feminine,singular,n/a,n/a
extraño,3,adjective,qualificative,n/a,feminine,singular,n/a,n/a
famoso,3,adjective,qualificative,n/a,feminine,singular,n/a,n/a
farragoso,1,adjective,qualificative,n/a,feminine,singular,n/a,n/a
femenino,2,adjective,qualificative,n/a,feminine,singular,n/a,n/a
feo,1,adjective,qualificative,n/a,feminine,singular,n/a,n/a
fijo,1,adjective,qualificative,n/a,feminine,singular,n/a,n/a
finito,3,adjective,qualificative,n/a,feminine,singular,n/a,n/a
fino,4,adjective,qualificative,n/a,feminine,singular,n/a,n/a
flojo,3,adjective,qualificative,n/a,feminine,singular,n/a,n/a
fonético,1,adjective,qualificative,n/a,feminine,singular,n/a,n/a
fotomecánico,2,adjective,qualificative,n/a,feminine,singular,n/a,n/a
francés,2,adjective,qualificative,n/a,feminine,singular,n/a,n/a
fresco,4,adjective,qualificative,n/a,feminine,singular,n/a,n/a
frío,5,adjective,qualificative,n/a,feminine,singular,n/a,n/a
fumador,1,adjective,qualificative,n/a,feminine,singular,n/a,n/a
físico,2,adjective,qualificative,n/a,feminine,singular,n/a,n/a
genuino,1,adjective,qualificative,n/a,feminine,singular,n/a,n/a
gigantesco,1,adjective,qualificative,n/a,feminine,singular,n/a,n/a
gordo,3,adjective,qualificative,n/a,feminine,singular,n/a,n/a
gracioso,4,adjective,qualificative,n/a,feminine,singular,n/a,n/a
graso,1,adjective,qualificative,n/a,feminine,singular,n/a,n/a
guapo,8,adjective,qualificative,n/a,feminine,singular,n/a,n/a
hispano,1,adjective,qualificative,n/a,feminine,singular,n/a,n/a
hispanoamericano,1,adjective,qualificative,n/a,feminine,singular,n/a,n/a
hispánico,1,adjective,qualificative,n/a,feminine,singular,n/a,n/a
histórico,1,adjective,qualificative,n/a,feminine,singular,n/a,n/a
homeopático,1,adjective,qualificative,n/a,feminine,singular,n/a,n/a
homogéneo,1,adjective,qualificative,n/a,feminine,singular,n/a,n/a
honesto,1,adjective,qualificative,n/a,feminine,singular,n/a,n/a
horroroso,2,adjective,qualificative,n/a,feminine,singular,n/a,n/a
hospitalario,1,adjective,qualificative,n/a,feminine,singular,n/a,n/a
humano,1,adjective,qualificative,n/a,feminine,singular,n/a,n/a
implícito,1,adjective,qualificative,n/a,feminine,singular,n/a,n/a
incisivo,1,adjective,qualificative,n/a,feminine,singular,n/a,n/a
incómodo,1,adjective,qualificative,n/a,feminine,singular,n/a,n/a
injusto,1,adjective,qualificative,n/a,feminine,singular,n/a,n/a
inmediato,3,adjective,qualificative,n/a,feminine,singular,n/a,n/a
inmenso,2,adjective,qualificative,n/a,feminine,singular,n/a,n/a
innovador,1,adjective,qualificative,n/a,feminine,singular,n/a,n/a
intenso,1,adjective,qualificative,n/a,feminine,singular,n/a,n/a
intermedio,1,adjective,qualificative,n/a,feminine,singular,n/a,n/a
interno,4,adjective,qualificative,n/a,feminine,singular,n/a,n/a
italiano,5,adjective,qualificative,n/a,feminine,singular,n/a,n/a
izquierdo,2,adjective,qualificative,n/a,feminine,singular,n/a,n/a
japonés,2,adjective,qualificative,n/a,feminine,singular,n/a,n/a
judío,1,adjective,qualificative,n/a,feminine,singular,n/a,n/a
juliano,1,adjective,qualificative,n/a,feminine,singular,n/a,n/a
juntándola,1,adjective,qualificative,n/a,feminine,singular,n/a,n/a
largo,2,adjective,qualificative,n/a,feminine,singular,n/a,n/a
lector,1,adjective,qualificative,n/a,feminine,singular,n/a,n/a
legislativo,1,adjective,qualificative,n/a,feminine,singular,n/a,n/a
lejano,1,adjective,qualificative,n/a,feminine,singular,n/a,n/a
ligero,5,adjective,qualificative,n/a,feminine,singular,n/a,n/a
lingüístico,3,adjective,qualificative,n/a,feminine,singular,n/a,n/a
literario,2,adjective,qualificative,n/a,feminine,singular,n/a,n/a
lleno,5,adjective,qualificative,n/a,feminine,singular,n/a,n/a
loco,5,adjective,qualificative,n/a,feminine,singular,n/a,n/a
lógico,1,adjective,qualificative,n/a,feminine,singular,n/a,n/a
maestro,1,adjective,qualificative,n/a,feminine,singular,n/a,n/a
magnífico,1,adjective,qualificative,n/a,feminine,singular,n/a,n/a
majo,3,adjective,qualificative,n/a,feminine,singular,n/a,n/a
malo,17,adjective,qualificative,n/a,feminine,singular,n/a,n/a
manchego,1,adjective,qualificative,n/a,feminine,singular,n/a,n/a
maquinita,1,adjective,qualificative,n/a,feminine,singular,n/a,n/a
maravilloso,3,adjective,qualificative,n/a,feminine,singular,n/a,n/a
marchosa,1,adjective,qualificative,n/a,feminine,singular,n/a,n/a
marítimo,2,adjective,qualificative,n/a,feminine,singular,n/a,n/a
masivo,1,adjective,qualificative,n/a,feminine,singular,n/a,n/a
mayoritario,1,adjective,qualificative,n/a,feminine,singular,n/a,n/a
medio,19,adjective,qualificative,n/a,feminine,singular,n/a,n/a
meditativo,1,adjective,qualificative,n/a,feminine,singular,n/a,n/a
mediático,1,adjective,qualificative,n/a,feminine,singular,n/a,n/a
menudo,1,adjective,qualificative,n/a,feminine,singular,n/a,n/a
minoritario,1,adjective,qualificative,n/a,feminine,singular,n/a,n/a
mismo,33,adjective,qualificative,n/a,feminine,singular,n/a,n/a
mixto,1,adjective,qualificative,n/a,feminine,singular,n/a,n/a
modesto,1,adjective,qualificative,n/a,feminine,singular,n/a,n/a
monárquico,1,adjective,qualificative,n/a,feminine,singular,n/a,n/a
monástico,1,adjective,qualificative,n/a,feminine,singular,n/a,n/a
moreno,1,adjective,qualificative,n/a,feminine,singular,n/a,n/a
máximo,1,adjective,qualificative,n/a,feminine,singular,n/a,n/a
médico,1,adjective,qualificative,n/a,feminine,singular,n/a,n/a
mínimo,1,adjective,qualificative,n/a,feminine,singular,n/a,n/a
nato,2,adjective,qualificative,n/a,feminine,singular,n/a,n/a
necesitándola,1,adjective,qualificative,n/a,feminine,singular,n/a,n/a
negro,5,adjective,qualificative,n/a,feminine,singular,n/a,n/a
nna,1,adjective,qualificative,n/a,feminine,singular,n/a,n/a
nocivo,1,adjective,qualificative,n/a,feminine,singular,n/a,n/a
norteamericano,1,adjective,qualificative,n/a,feminine,singular,n/a,n/a
nuevo,13,adjective,qualificative,n/a,feminine,singular,n/a,n/a
objetivo,1,adjective,qualificative,n/a,feminine,singular,n/a,n/a
obsceno,1,adjective,qualificative,n/a,feminine,singular,n/a,n/a
obsoleto,1,adjective,qualificative,n/a,feminine,singular,n/a,n/a
optativo,1,adjective,qualificative,n/a,feminine,singular,n/a,n/a
orgulloso,1,adjective,qualificative,n/a,feminine,singular,n/a,n/a
ortodoxo,1,adjective,qualificative,n/a,feminine,singular,n/a,n/a
oscuro,2,adjective,qualificative,n/a,feminine,singular,n/a,n/a
pacífico,1,adjective,qualificative,n/a,feminine,singular,n/a,n/a
patético,1,adjective,qualificative,n/a,feminine,singular,n/a,n/a
pequeño,22,adjective,qualificative,n/a,feminine,singular,n/a,n/a
perfecto,1,adjective,qualificative,n/a,feminine,singular,n/a,n/a
periódico,1,adjective,qualificative,n/a,feminine,singular,n/a,n/a
picador,1,adjective,qualificative,n/a,feminine,singular,n/a,n/a
pijo,1,adjective,qualificative,n/a,feminine,singular,n/a,n/a
pleno,5,adjective,qualificative,n/a,feminine,singular,n/a,n/a
político,9,adjective,qualificative,n/a,feminine,singular,n/a,n/a
portugués,2,adjective,qualificative,n/a,feminine,singular,n/a,n/a
precioso,3,adjective,qualificative,n/a,feminine,singular,n/a,n/a
preparándola,1,adjective,qualificative,n/a,feminine,singular,n/a,n/a
preso,1,adjective,qualificative,n/a,feminine,singular,n/a,n/a
primario,1,adjective,qualificative,n/a,feminine,singular,n/a,n/a
primo,1,adjective,qualificative,n/a,feminine,singular,n/a,n/a
primoroso,1,adjective,qualificative,n/a,feminine,singular,n/a,n/a
profundo,1,adjective,qualificative,n/a,feminine,singular,n/a,n/a
proletario,1,adjective,qualificative,n/a,feminine,singular,n/a,n/a
propio,10,adjective,qualificative,n/a,feminine,singular,n/a,n/a
práctico,4,adjective,qualificative,n/a,feminine,singular,n/a,n/a
próximo,1,adjective,qualificative,n/a,feminine,singular,n/a,n/a
psicológico,1,adjective,qualificative,n/a,feminine,singular,n/a,n/a
puderosa,2,adjective,qualificative,n/a,feminine,singular,n/a,n/a
puntero,2,adjective,qualificative,n/a,feminine,singular,n/a,n/a
puro,3,adjective,qualificative,n/a,feminine,singular,n/a,n/a
puñetero,1,adjective,qualificative,n/a,feminine,singular,n/a,n/a
público,3,adjective,qualificative,n/a,feminine,singular,n/a,n/a
quitándola,1,adjective,qualificative,n/a,feminine,singular,n/a,n/a
químico,1,adjective,qualificative,n/a,feminine,singular,n/a,n/a
raro,5,adjective,qualificative,n/a,feminine,singular,n/a,n/a
redondo,3,adjective,qualificative,n/a,feminine,singular,n/a,n/a
relativo,3,adjective,qualificative,n/a,feminine,singular,n/a,n/a
relleno,1,adjective,qualificative,n/a,feminine,singular,n/a,n/a
resolutivo,1,adjective,qualificative,n/a,feminine,singular,n/a,n/a
revolucionario,1,adjective,qualificative,n/a,feminine,singular,n/a,n/a
rico,6,adjective,qualificative,n/a,feminine,singular,n/a,n/a
riquísimo,1,adjective,qualificative,n/a,feminine,singular,n/a,n/a
robusto,1,adjective,qualificative,n/a,feminine,singular,n/a,n/a
rojo,2,adjective,qualificative,n/a,feminine,singular,n/a,n/a
romano,2,adjective,qualificative,n/a,feminine,singular,n/a,n/a
ruidoso,1,adjective,qualificative,n/a,feminine,singular,n/a,n/a
ruso,1,adjective,qualificative,n/a,feminine,singular,n/a,n/a
rápido,4,adjective,qualificative,n/a,feminine,singular,n/a,n/a
sabroso,1,adjective,qualificative,n/a,feminine,singular,n/a,n/a
santo,1,adjective,qualificative,n/a,feminine,singular,n/a,n/a
satisfactorio,1,adjective,qualificative,n/a,feminine,singular,n/a,n/a
satírico,1,adjective,qualificative,n/a,feminine,singular,n/a,n/a
seguro,3,adjective,qualificative,n/a,feminine,singular,n/a,n/a
semisórdido,1,adjective,qualificative,n/a,feminine,singular,n/a,n/a
semántico,1,adjective,qualificative,n/a,feminine,singular,n/a,n/a
sencillo,3,adjective,qualificative,n/a,feminine,singular,n/a,n/a
sensiblero,1,adjective,qualificative,n/a,feminine,singular,n/a,n/a
serio,2,adjective,qualificative,n/a,feminine,singular,n/a,n/a
simpático,7,adjective,qualificative,n/a,feminine,singular,n/a,n/a
simultáneo,1,adjective,qualificative,n/a,feminine,singular,n/a,n/a
sintético,1,adjective,qualificative,n/a,feminine,singular,n/a,n/a
sociológico,1,adjective,qualificative,n/a,feminine,singular,n/a,n/a
solo,15,adjective,qualificative,n/a,feminine,singular,n/a,n/a
sopero,1,adjective,qualificative,n/a,feminine,singular,n/a,n/a
subalterno,1,adjective,qualificative,n/a,feminine,singular,n/a,n/a
sucesivo,1,adjective,qualificative,n/a,feminine,singular,n/a,n/a
sueco,2,adjective,qualificative,n/a,feminine,singular,n/a,n/a
tecnológico,4,adjective,qualificative,n/a,feminine,singular,n/a,n/a
temblón,1,adjective,qualificative,n/a,feminine,singular,n/a,n/a
tenso,2,adjective,qualificative,n/a,feminine,singular,n/a,n/a
termorregulador,1,adjective,qualificative,n/a,feminine,singular,n/a,n/a
terrorífico,1,adjective,qualificative,n/a,feminine,singular,n/a,n/a
terso,2,adjective,qualificative,n/a,feminine,singular,n/a,n/a
teórico,1,adjective,qualificative,n/a,feminine,singular,n/a,n/a
tierno,1,adjective,qualificative,n/a,feminine,singular,n/a,n/a
tonto,4,adjective,qualificative,n/a,feminine,singular,n/a,n/a
tremendo,2,adjective,qualificative,n/a,feminine,singular,n/a,n/a
tristón,1,adjective,qualificative,n/a,feminine,singular,n/a,n/a
típico,4,adjective,qualificative,n/a,feminine,singular,n/a,n/a
universitario,1,adjective,qualificative,n/a,feminine,singular,n/a,n/a
valenciano,1,adjective,qualificative,n/a,feminine,singular,n/a,n/a
variopinto,1,adjective,qualificative,n/a,feminine,singular,n/a,n/a
vasto,1,adjective,qualificative,n/a,feminine,singular,n/a,n/a
verdadero,6,adjective,qualificative,n/a,feminine,singular,n/a,n/a
viejo,11,adjective,qualificative,n/a,feminine,singular,n/a,n/a
vigilándola,1,adjective,qualificative,n/a,feminine,singular,n/a,n/a
vigoroso,1,adjective,qualificative,n/a,feminine,singular,n/a,n/a
vistoso,1,adjective,qualificative,n/a,feminine,singular,n/a,n/a
único,13,adjective,qualificative,n/a,feminine,singular,n/a,n/a
administrativo,1,adjective,qualificative,n/a,masculine,plural,n/a,n/a
alto,2,adjective,qualificative,n/a,masculine,plural,n/a,n/a
americano,1,adjective,qualificative,n/a,masculine,plural,n/a,n/a
antiguo,2,adjective,qualificative,n/a,masculine,plural,n/a,n/a
aragonés,1,adjective,qualificative,n/a,masculine,plural,n/a,n/a
bajo,1,adjective,qualificative,n/a,masculine,plural,n/a,n/a
blanco,2,adjective,qualificative,n/a,masculine,plural,n/a,n/a
bohemio,1,adjective,qualificative,n/a,masculine,plural,n/a,n/a
bonito,2,adjective,qualificative,n/a,masculine,plural,n/a,n/a
bueno,14,adjective,qualificative,n/a,masculine,plural,n/a,n/a
básico,1,adjective,qualificative,n/a,masculine,plural,n/a,n/a
caro,2,adjective,qualificative,n/a,masculine,plural,n/a,n/a
cartujo,1,adjective,qualificative,n/a,masculine,plural,n/a,n/a
ceporro,1,adjective,qualificative,n/a,masculine,plural,n/a,n/a
chileno,2,adjective,qualificative,n/a,masculine,plural,n/a,n/a
chiquitito,1,adjective,qualificative,n/a,masculine,plural,n/a,n/a
claro,2,adjective,qualificative,n/a,masculine,plural,n/a,n/a
clásico,6,adjective,qualificative,n/a,masculine,plural,n/a,n/a
colectivo,1,adjective,qualificative,n/a,masculine,plural,n/a,n/a
competitivo,3,adjective,qualificative,n/a,masculine,plural,n/a,n/a
concreto,1,adjective,qualificative,n/a,masculine,plural,n/a,n/a
conjunto,1,adjective,qualificative,n/a,masculine,plural,n/a,n/a
consecutivo,1,adjective,qualificative,n/a,masculine,plural,n/a,n/a
conservador,2,adjective,qualificative,n/a,masculine,plural,n/a,n/a
contento,5,adjective,qualificative,n/a,masculine,plural,n/a,n/a
creativo,1,adjective,qualificative,n/a,masculine,plural,n/a,n/a
crudo,1,adjective,qualificative,n/a,masculine,plural,n/a,n/a
cuadro,1,adjective,qualificative,n/a,masculine,plural,n/a,n/a
cuarentón,1,adjective,qualificative,n/a,masculine,plural,n/a,n/a
cómodo,2,adjective,qualificative,n/a,masculine,plural,n/a,n/a
delicado,1,adjective,qualificative,n/a,masculine,plural,n/a,n/a
deportivo,1,adjective,qualificative,n/a,masculine,plural,n/a,n/a
desastroso,1,adjective,qualificative,n/a,masculine,plural,n/a,n/a
diario,1,adjective,qualificative,n/a,masculine,plural,n/a,n/a
distinto,8,adjective,qualificative,n/a,masculine,plural,n/a,n/a
dramático,1,adjective,qualificative,n/a,masculine,plural,n/a,n/a
duro,2,adjective,qualificative,n/a,masculine,plural,n/a,n/a
económico,3,adjective,qualificative,n/a,masculine,plural,n/a,n/a
editor,4,adjective,qualificative,n/a,masculine,plural,n/a,n/a
electrónico,1,adjective,qualificative,n/a,masculine,plural,n/a,n/a
emprendedor,1,adjective,qualificative,n/a,masculine,plural,n/a,n/a
endocrino,1,adjective,qualificative,n/a,masculine,plural,n/a,n/a
español,6,adjective,qualificative,n/a,masculine,plural,n/a,n/a
específico,2,adjective,qualificative,n/a,masculine,plural,n/a,n/a
estadístico,1,adjective,qualificative,n/a,masculine,plural,n/a,n/a
extraordinario,1,adjective,qualificative,n/a,masculine,plural,n/a,n/a
fabuloso,1,adjective,qualificative,n/a,masculine,plural,n/a,n/a
famoso,1,adjective,qualificative,n/a,masculine,plural,n/a,n/a
fijo,1,adjective,qualificative,n/a,masculine,plural,n/a,n/a
fumador,1,adjective,qualificative,n/a,masculine,plural,n/a,n/a
fáctico,1,adjective,qualificative,n/a,masculine,plural,n/a,n/a
gallego,1,adjective,qualificative,n/a,masculine,plural,n/a,n/a
genérico,1,adjective,qualificative,n/a,masculine,plural,n/a,n/a
gordo,2,adjective,qualificative,n/a,masculine,plural,n/a,n/a
gratuito,2,adjective,qualificative,n/a,masculine,plural,n/a,n/a
harto,1,adjective,qualificative,n/a,masculine,plural,n/a,n/a
histórico,4,adjective,qualificative,n/a,masculine,plural,n/a,n/a
honorario,1,adjective,qualificative,n/a,masculine,plural,n/a,n/a
humano,2,adjective,qualificative,n/a,masculine,plural,n/a,n/a
humanístico,1,adjective,qualificative,n/a,masculine,plural,n/a,n/a
idiomático,1,adjective,qualificative,n/a,masculine,plural,n/a,n/a
informático,4,adjective,qualificative,n/a,masculine,plural,n/a,n/a
intermedio,1,adjective,qualificative,n/a,masculine,plural,n/a,n/a
interno,2,adjective,qualificative,n/a,masculine,plural,n/a,n/a
inventivo,1,adjective,qualificative,n/a,masculine,plural,n/a,n/a
japonés,1,adjective,qualificative,n/a,masculine,plural,n/a,n/a
junto,3,adjective,qualificative,n/a,masculine,plural,n/a,n/a
largo,3,adjective,qualificative,n/a,masculine,plural,n/a,n/a
latino,1,adjective,qualificative,n/a,masculine,plural,n/a,n/a
lingüístico,1,adjective,qualificative,n/a,masculine,plural,n/a,n/a
listo,1,adjective,qualificative,n/a,masculine,plural,n/a,n/a
literario,1,adjective,qualificative,n/a,masculine,plural,n/a,n/a
macro_económico,1,adjective,qualificative,n/a,masculine,plural,n/a,n/a
maduro,1,adjective,qualificative,n/a,masculine,plural,n/a,n/a
maestro,1,adjective,qualificative,n/a,masculine,plural,n/a,n/a
malo,2,adjective,qualificative,n/a,masculine,plural,n/a,n/a
mayoritario,1,adjective,qualificative,n/a,masculine,plural,n/a,n/a
merecedor,1,adjective,qualificative,n/a,masculine,plural,n/a,n/a
minoritario,1,adjective,qualificative,n/a,masculine,plural,n/a,n/a
mismo,1,adjective,qualificative,n/a,masculine,plural,n/a,n/a
moderno,1,adjective,qualificative,n/a,masculine,plural,n/a,n/a
mono,3,adjective,qualificative,n/a,masculine,plural,n/a,n/a
monográfico,1,adjective,qualificative,n/a,masculine,plural,n/a,n/a
máximo,1,adjective,qualificative,n/a,masculine,plural,n/a,n/a
mínimo,1,adjective,qualificative,n/a,masculine,plural,n/a,n/a
necesario,1,adjective,qualificative,n/a,masculine,plural,n/a,n/a
negrito,2,adjective,qualificative,n/a,masculine,plural,n/a,n/a
nervioso,1,adjective,qualificative,n/a,masculine,plural,n/a,n/a
norteamericano,1,adjective,qualificative,n/a,masculine,plural,n/a,n/a
nuevo,10,adjective,qualificative,n/a,masculine,plural,n/a,n/a
orgulloso,1,adjective,qualificative,n/a,masculine,plural,n/a,n/a
ortotipográficos,1,adjective,qualificative,n/a,masculine,plural,n/a,n/a
pacífico,1,adjective,qualificative,n/a,masculine,plural,n/a,n/a
paterno,1,adjective,qualificative,n/a,masculine,plural,n/a,n/a
pequeño,10,adjective,qualificative,n/a,masculine,plural,n/a,n/a
político,5,adjective,qualificative,n/a,masculine,plural,n/a,n/a
poético,1,adjective,qualificative,n/a,masculine,plural,n/a,n/a
precioso,1,adjective,qualificative,n/a,masculine,plural,n/a,n/a
preuniversitario,1,adjective,qualificative,n/a,masculine,plural,n/a,n/a
primario,1,adjective,qualificative,n/a,masculine,plural,n/a,n/a
propio,4,adjective,qualificative,n/a,masculine,plural,n/a,n/a
provocativo,1,adjective,qualificative,n/a,masculine,plural,n/a,n/a
próximo,1,adjective,qualificative,n/a,masculine,plural,n/a,n/a
psicológico,2,adjective,qualificative,n/a,masculine,plural,n/a,n/a
quos,1,adjective,qualificative,n/a,masculine,plural,n/a,n/a
raro,2,adjective,qualificative,n/a,masculine,plural,n/a,n/a
raso,1,adjective,qualificative,n/a,masculine,plural,n/a,n/a
redondo,1,adjective,qualificative,n/a,masculine,plural,n/a,n/a
reiterativo,1,adjective,qualificative,n/a,masculine,plural,n/a,n/a
relleno,1,adjective,qualificative,n/a,masculine,plural,n/a,n/a
republicano,1,adjective,qualificative,n/a,masculine,plural,n/a,n/a
rico,1,adjective,qualificative,n/a,masculine,plural,n/a,n/a
rojo,3,adjective,qualificative,n/a,masculine,plural,n/a,n/a
ruidoso,2,adjective,qualificative,n/a,masculine,plural,n/a,n/a
ruso,1,adjective,qualificative,n/a,masculine,plural,n/a,n/a
sabroso,1,adjective,qualificative,n/a,masculine,plural,n/a,n/a
secundario,2,adjective,qualificative,n/a,masculine,plural,n/a,n/a
seguro,1,adjective,qualificative,n/a,masculine,plural,n/a,n/a
sesudo,1,adjective,qualificative,n/a,masculine,plural,n/a,n/a
señor,1,adjective,qualificative,n/a,masculine,plural,n/a,n/a
significativo,1,adjective,qualificative,n/a,masculine,plural,n/a,n/a
sintáctico,2,adjective,qualificative,n/a,masculine,plural,n/a,n/a
sintético,1,adjective,qualificative,n/a,masculine,plural,n/a,n/a
solo,2,adjective,qualificative,n/a,masculine,plural,n/a,n/a
sucesivo,1,adjective,qualificative,n/a,masculine,plural,n/a,n/a
sudamericano,1,adjective,qualificative,n/a,masculine,plural,n/a,n/a
sueco,1,adjective,qualificative,n/a,masculine,plural,n/a,n/a
superserio,1,adjective,qualificative,n/a,masculine,plural,n/a,n/a
tecnológico,4,adjective,qualificative,n/a,masculine,plural,n/a,n/a
telemático,1,adjective,qualificative,n/a,masculine,plural,n/a,n/a
tuno,2,adjective,qualificative,n/a,masculine,plural,n/a,n/a
técnico,2,adjective,qualificative,n/a,masculine,plural,n/a,n/a
tímido,3,adjective,qualificative,n/a,masculine,plural,n/a,n/a
veintitantos,1,adjective,qualificative,n/a,masculine,plural,n/a,n/a
verdadero,1,adjective,qualificative,n/a,masculine,plural,n/a,n/a
viejo,3,adjective,qualificative,n/a,masculine,plural,n/a,n/a
violento,1,adjective,qualificative,n/a,masculine,plural,n/a,n/a
virguero,1,adjective,qualificative,n/a,masculine,plural,n/a,n/a
vivo,1,adjective,qualificative,n/a,masculine,plural,n/a,n/a
zumbón,1,adjective,qualificative,n/a,masculine,plural,n/a,n/a
único,3,adjective,qualificative,n/a,masculine,plural,n/a,n/a
absoluto,6,adjective,qualificative,n/a,masculine,singular,n/a,n/a
abstracto,2,adjective,qualificative,n/a,masculine,singular,n/a,n/a
absurdo,4,adjective,qualificative,n/a,masculine,singular,n/a,n/a
académico,2,adjective,qualificative,n/a,masculine,singular,n/a,n/a
afectivo,1,adjective,qualificative,n/a,masculine,singular,n/a,n/a
africano,1,adjective,qualificative,n/a,masculine,singular,n/a,n/a
ajeno,2,adjective,qualificative,n/a,masculine,singular,n/a,n/a
aleatorio,1,adjective,qualificative,n/a,masculine,singular,n/a,n/a
alemán,4,adjective,qualificative,n/a,masculine,singular,n/a,n/a
alfabético,1,adjective,qualificative,n/a,masculine,singular,n/a,n/a
alimenticio,1,adjective,qualificative,n/a,masculine,singular,n/a,n/a
alto,7,adjective,qualificative,n/a,masculine,singular,n/a,n/a
amargo,2,adjective,qualificative,n/a,masculine,singular,n/a,n/a
amarillo,1,adjective,qualificative,n/a,masculine,singular,n/a,n/a
americano,1,adjective,qualificative,n/a,masculine,singular,n/a,n/a
amplio,3,adjective,qualificative,n/a,masculine,singular,n/a,n/a
andaluz,2,adjective,qualificative,n/a,masculine,singular,n/a,n/a
antiguo,2,adjective,qualificative,n/a,masculine,singular,n/a,n/a
aperitivo,2,adjective,qualificative,n/a,masculine,singular,n/a,n/a
artístico,4,adjective,qualificative,n/a,masculine,singular,n/a,n/a
asqueroso,1,adjective,qualificative,n/a,masculine,singular,n/a,n/a
aséptico,1,adjective,qualificative,n/a,masculine,singular,n/a,n/a
atractivo,3,adjective,qualificative,n/a,masculine,singular,n/a,n/a
autodidáctico,1,adjective,qualificative,n/a,masculine,singular,n/a,n/a
autoritario,1,adjective,qualificative,n/a,masculine,singular,n/a,n/a
auténtico,1,adjective,qualificative,n/a,masculine,singular,n/a,n/a
autónomo,2,adjective,qualificative,n/a,masculine,singular,n/a,n/a
avasallador,1,adjective,qualificative,n/a,masculine,singular,n/a,n/a
aéreo,1,adjective,qualificative,n/a,masculine,singular,n/a,n/a
bajito,7,adjective,qualificative,n/a,masculine,singular,n/a,n/a
barato,13,adjective,qualificative,n/a,masculine,singular,n/a,n/a
blanco,12,adjective,qualificative,n/a,masculine,singular,n/a,n/a
blando,5,adjective,qualificative,n/a,masculine,singular,n/a,n/a
bonito,42,adjective,qualificative,n/a,masculine,singular,n/a,n/a
bueno,544,adjective,qualificative,n/a,masculine,singular,n/a,n/a
burlesco,1,adjective,qualificative,n/a,masculine,singular,n/a,n/a
básico,2,adjective,qualificative,n/a,masculine,singular,n/a,n/a
búscalo,1,adjective,qualificative,n/a,masculine,singular,n/a,n/a
calentito,1,adjective,qualificative,n/a,masculine,singular,n/a,n/a
callejero,1,adjective,qualificative,n/a,masculine,singular,n/a,n/a
calvo,1,adjective,qualificative,n/a,masculine,singular,n/a,n/a
característico,2,adjective,qualificative,n/a,masculine,singular,n/a,n/a
caro,4,adjective,qualificative,n/a,masculine,singular,n/a,n/a
cartoncillo,1,adjective,qualificative,n/a,masculine,singular,n/a,n/a
cementoso,1,adjective,qualificative,n/a,masculine,singular,n/a,n/a
chileno,2,adjective,qualificative,n/a,masculine,singular,n/a,n/a
chino,3,adjective,qualificative,n/a,masculine,singular,n/a,n/a
chiquitín,1,adjective,qualificative,n/a,masculine,singular,n/a,n/a
chulo,2,adjective,qualificative,n/a,masculine,singular,n/a,n/a
chupi,1,adjective,qualificative,n/a,masculine,singular,n/a,n/a
ciano,1,adjective,qualificative,n/a,masculine,singular,n/a,n/a
ciego,4,adjective,qualificative,n/a,masculine,singular,n/a,n/a
científico,4,adjective,qualificative,n/a,masculine,singular,n/a,n/a
cierto,22,adjective,qualificative,n/a,masculine,singular,n/a,n/a
claro,272,adjective,qualificative,n/a,masculine,singular,n/a,n/a
clásico,6,adjective,qualificative,n/a,masculine,singular,n/a,n/a
clínico,1,adjective,qualificative,n/a,masculine,singular,n/a,n/a
cochambroso,1,adjective,qualificative,n/a,masculine,singular,n/a,n/a
cognitivo,1,adjective,qualificative,n/a,masculine,singular,n/a,n/a
cojo,1,adjective,qualificative,n/a,masculine,singular,n/a,n/a
compacto,1,adjective,qualificative,n/a,masculine,singular,n/a,n/a
competitivo,5,adjective,qualificative,n/a,masculine,singular,n/a,n/a
complementario,1,adjective,qualificative,n/a,masculine,singular,n/a,n/a
completo,5,adjective,qualificative,n/a,masculine,singular,n/a,n/a
comunicativo,4,adjective,qualificative,n/a,masculine,singular,n/a,n/a
concreto,9,adjective,qualificative,n/a,masculine,singular,n/a,n/a
confuso,2,adjective,qualificative,n/a,masculine,singular,n/a,n/a
contemporáneo,1,adjective,qualificative,n/a,masculine,singular,n/a,n/a
contento,3,adjective,qualificative,n/a,masculine,singular,n/a,n/a
continuo,1,adjective,qualificative,n/a,masculine,singular,n/a,n/a
coreano,1,adjective,qualificative,n/a,masculine,singular,n/a,n/a
correcto,1,adjective,qualificative,n/a,masculine,singular,n/a,n/a
corto,1,adjective,qualificative,n/a,masculine,singular,n/a,n/a
creativo,2,adjective,qualificative,n/a,masculine,singular,n/a,n/a
cronológico,1,adjective,qualificative,n/a,masculine,singular,n/a,n/a
crítico,2,adjective,qualificative,n/a,masculine,singular,n/a,n/a
cubano,1,adjective,qualificative,n/a,masculine,singular,n/a,n/a
culto,1,adjective,qualificative,n/a,masculine,singular,n/a,n/a
curioso,15,adjective,qualificative,n/a,masculine,singular,n/a,n/a
cómodo,5,adjective,qualificative,n/a,masculine,singular,n/a,n/a
cúbico,2,adjective,qualificative,n/a,masculine,singular,n/a,n/a
delicado,2,adjective,qualificative,n/a,masculine,singular,n/a,n/a
delicioso,2,adjective,qualificative,n/a,masculine,singular,n/a,n/a
democrático,2,adjective,qualificative,n/a,masculine,singular,n/a,n/a
denso,1,adjective,qualificative,n/a,masculine,singular,n/a,n/a
desgarrador,1,adjective,qualificative,n/a,masculine,singular,n/a,n/a
desértico,2,adjective,qualificative,n/a,masculine,singular,n/a,n/a
digno,1,adjective,qualificative,n/a,masculine,singular,n/a,n/a
directo,2,adjective,qualificative,n/a,masculine,singular,n/a,n/a
distinto,17,adjective,qualificative,n/a,masculine,singular,n/a,n/a
duro,20,adjective,qualificative,n/a,masculine,singular,n/a,n/a
económico,6,adjective,qualificative,n/a,masculine,singular,n/a,n/a
educativo,1,adjective,qualificative,n/a,masculine,singular,n/a,n/a
efectivo,1,adjective,qualificative,n/a,masculine,singular,n/a,n/a
electrónico,1,adjective,qualificative,n/a,masculine,singular,n/a,n/a
empírico,1,adjective,qualificative,n/a,masculine,singular,n/a,n/a
enfermo,1,adjective,qualificative,n/a,masculine,singular,n/a,n/a
entero,6,adjective,qualificative,n/a,masculine,singular,n/a,n/a
epidérmico,1,adjective,qualificative,n/a,masculine,singular,n/a,n/a
español,26,adjective,qualificative,n/a,masculine,singular,n/a,n/a
específico,4,adjective,qualificative,n/a,masculine,singular,n/a,n/a
espeso,3,adjective,qualificative,n/a,masculine,singular,n/a,n/a
estadístico,1,adjective,qualificative,n/a,masculine,singular,n/a,n/a
estratégico,1,adjective,qualificative,n/a,masculine,singular,n/a,n/a
estricto,1,adjective,qualificative,n/a,masculine,singular,n/a,n/a
estupendo,6,adjective,qualificative,n/a,masculine,singular,n/a,n/a
europeo,2,adjective,qualificative,n/a,masculine,singular,n/a,n/a
exacto,33,adjective,qualificative,n/a,masculine,singular,n/a,n/a
extraño,2,adjective,qualificative,n/a,masculine,singular,n/a,n/a
falso,2,adjective,qualificative,n/a,masculine,singular,n/a,n/a
falto,1,adjective,qualificative,n/a,masculine,singular,n/a,n/a
fantástico,4,adjective,qualificative,n/a,masculine,singular,n/a,n/a
femenino,1,adjective,qualificative,n/a,masculine,singular,n/a,n/a
feo,3,adjective,qualificative,n/a,masculine,singular,n/a,n/a
fijo,2,adjective,qualificative,n/a,masculine,singular,n/a,n/a
finito,2,adjective,qualificative,n/a,masculine,singular,n/a,n/a
fino,3,adjective,qualificative,n/a,masculine,singular,n/a,n/a
flamenco,1,adjective,qualificative,n/a,masculine,singular,n/a,n/a
flojito,1,adjective,qualificative,n/a,masculine,singular,n/a,n/a
formativo,1,adjective,qualificative,n/a,masculine,singular,n/a,n/a
francés,10,adjective,qualificative,n/a,masculine,singular,n/a,n/a
fresco,7,adjective,qualificative,n/a,masculine,singular,n/a,n/a
fumador,1,adjective,qualificative,n/a,masculine,singular,n/a,n/a
físico,3,adjective,qualificative,n/a,masculine,singular,n/a,n/a
gallego,2,adjective,qualificative,n/a,masculine,singular,n/a,n/a
genérico,1,adjective,qualificative,n/a,masculine,singular,n/a,n/a
geométrico,1,adjective,qualificative,n/a,masculine,singular,n/a,n/a
gordo,1,adjective,qualificative,n/a,masculine,singular,n/a,n/a
grandioso,2,adjective,qualificative,n/a,masculine,singular,n/a,n/a
gratuito,2,adjective,qualificative,n/a,masculine,singular,n/a,n/a
gravoso,1,adjective,qualificative,n/a,masculine,singular,n/a,n/a
griego,4,adjective,qualificative,n/a,masculine,singular,n/a,n/a
grosero,1,adjective,qualificative,n/a,masculine,singular,n/a,n/a
guapo,2,adjective,qualificative,n/a,masculine,singular,n/a,n/a
harto,1,adjective,qualificative,n/a,masculine,singular,n/a,n/a
heterodoxo,1,adjective,qualificative,n/a,masculine,singular,n/a,n/a
histórico,5,adjective,qualificative,n/a,masculine,singular,n/a,n/a
hitleriano,1,adjective,qualificative,n/a,masculine,singular,n/a,n/a
homogéneo,1,adjective,qualificative,n/a,masculine,singular,n/a,n/a
horroroso,4,adjective,qualificative,n/a,masculine,singular,n/a,n/a
humano,3,adjective,qualificative,n/a,masculine,singular,n/a,n/a
humanístico,1,adjective,qualificative,n/a,masculine,singular,n/a,n/a
humorístico,1,adjective,qualificative,n/a,masculine,singular,n/a,n/a
iconográfico,1,adjective,qualificative,n/a,masculine,singular,n/a,n/a
implícito,1,adjective,qualificative,n/a,masculine,singular,n/a,n/a
impúdico,1,adjective,qualificative,n/a,masculine,singular,n/a,n/a
incisivo,1,adjective,qualificative,n/a,masculine,singular,n/a,n/a
incomprendido,1,adjective,qualificative,n/a,masculine,singular,n/a,n/a
inepto,1,adjective,qualificative,n/a,masculine,singular,n/a,n/a
informativo,1,adjective,qualificative,n/a,masculine,singular,n/a,n/a
ingenioso,1,adjective,qualificative,n/a,masculine,singular,n/a,n/a
inmediato,2,adjective,qualificative,n/a,masculine,singular,n/a,n/a
innovador,2,adjective,qualificative,n/a,masculine,singular,n/a,n/a
instintivo,1,adjective,qualificative,n/a,masculine,singular,n/a,n/a
intenso,1,adjective,qualificative,n/a,masculine,singular,n/a,n/a
intermedio,1,adjective,qualificative,n/a,masculine,singular,n/a,n/a
introvertido,1,adjective,qualificative,n/a,masculine,singular,n/a,n/a
intrínseco,1,adjective,qualificative,n/a,masculine,singular,n/a,n/a
italiano,4,adjective,qualificative,n/a,masculine,singular,n/a,n/a
japonés,1,adjective,qualificative,n/a,masculine,singular,n/a,n/a
jocoso,1,adjective,qualificative,n/a,masculine,singular,n/a,n/a
junto,3,adjective,qualificative,n/a,masculine,singular,n/a,n/a
justo,4,adjective,qualificative,n/a,masculine,singular,n/a,n/a
largo,10,adjective,qualificative,n/a,masculine,singular,n/a,n/a
latino,1,adjective,qualificative,n/a,masculine,singular,n/a,n/a
latinoamericano,1,adjective,qualificative,n/a,masculine,singular,n/a,n/a
legislativo,1,adjective,qualificative,n/a,masculine,singular,n/a,n/a
lento,2,adjective,qualificative,n/a,masculine,singular,n/a,n/a
ligero,3,adjective,qualificative,n/a,masculine,singular,n/a,n/a
limpio,2,adjective,qualificative,n/a,masculine,singular,n/a,n/a
listo,2,adjective,qualificative,n/a,masculine,singular,n/a,n/a
literario,1,adjective,qualificative,n/a,masculine,singular,n/a,n/a
lleno,2,adjective,qualificative,n/a,masculine,singular,n/a,n/a
loco,3,adjective,qualificative,n/a,masculine,singular,n/a,n/a
lícito,1,adjective,qualificative,n/a,masculine,singular,n/a,n/a
lógico,3,adjective,qualificative,n/a,masculine,singular,n/a,n/a
macho,1,adjective,qualificative,n/a,masculine,singular,n/a,n/a
magnífico,2,adjective,qualificative,n/a,masculine,singular,n/a,n/a
mal,11,adjective,qualificative,n/a,masculine,singular,n/a,n/a
malo,8,adjective,qualificative,n/a,masculine,singular,n/a,n/a
mandón,1,adjective,qualificative,n/a,masculine,singular,n/a,n/a
maravilloso,8,adjective,qualificative,n/a,masculine,singular,n/a,n/a
masivo,1,adjective,qualificative,n/a,masculine,singular,n/a,n/a
mecánico,1,adjective,qualificative,n/a,masculine,singular,n/a,n/a
mediano,1,adjective,qualificative,n/a,masculine,singular,n/a,n/a
medio,33,adjective,qualificative,n/a,masculine,singular,n/a,n/a
memorístico,1,adjective,qualificative,n/a,masculine,singular,n/a,n/a
menudo,6,adjective,qualificative,n/a,masculine,singular,n/a,n/a
metodológico,1,adjective,qualificative,n/a,masculine,singular,n/a,n/a
milagroso,1,adjective,qualificative,n/a,masculine,singular,n/a,n/a
minipimer,5,adjective,qualificative,n/a,masculine,singular,n/a,n/a
minucioso,1,adjective,qualificative,n/a,masculine,singular,n/a,n/a
mismo,86,adjective,qualificative,n/a,masculine,singular,n/a,n/a
mixto,2,adjective,qualificative,n/a,masculine,singular,n/a,n/a
moderno,3,adjective,qualificative,n/a,masculine,singular,n/a,n/a
modesto,1,adjective,qualificative,n/a,masculine,singular,n/a,n/a
mogollón,1,adjective,qualificative,n/a,masculine,singular,n/a,n/a
molesto,2,adjective,qualificative,n/a,masculine,singular,n/a,n/a
mono,1,adjective,qualificative,n/a,masculine,singular,n/a,n/a
monográfico,5,adjective,qualificative,n/a,masculine,singular,n/a,n/a
máximo,1,adjective,qualificative,n/a,masculine,singular,n/a,n/a
médico,6,adjective,qualificative,n/a,masculine,singular,n/a,n/a
mínimo,2,adjective,qualificative,n/a,masculine,singular,n/a,n/a
mínino,1,adjective,qualificative,n/a,masculine,singular,n/a,n/a
míralo,1,adjective,qualificative,n/a,masculine,singular,n/a,n/a
necesario,10,adjective,qualificative,n/a,masculine,singular,n/a,n/a
negativo,1,adjective,qualificative,n/a,masculine,singular,n/a,n/a
negro,6,adjective,qualificative,n/a,masculine,singular,n/a,n/a
nervioso,1,adjective,qualificative,n/a,masculine,singular,n/a,n/a
neurocognitivo,1,adjective,qualificative,n/a,masculine,singular,n/a,n/a
non,2,adjective,qualificative,n/a,masculine,singular,n/a,n/a
norteamericano,3,adjective,qualificative,n/a,masculine,singular,n/a,n/a
novedoso,1,adjective,qualificative,n/a,masculine,singular,n/a,n/a
nuevo,16,adjective,qualificative,n/a,masculine,singular,n/a,n/a
obligatorio,4,adjective,qualificative,n/a,masculine,singular,n/a,n/a
obsoleto,1,adjective,qualificative,n/a,masculine,singular,n/a,n/a
omnímodo,1,adjective,qualificative,n/a,masculine,singular,n/a,n/a
oportuno,1,adjective,qualificative,n/a,masculine,singular,n/a,n/a
ortodoxo,1,adjective,qualificative,n/a,masculine,singular,n/a,n/a
ortotipográfico,2,adjective,qualificative,n/a,masculine,singular,n/a,n/a
oscuro,1,adjective,qualificative,n/a,masculine,singular,n/a,n/a
paradójico,2,adjective,qualificative,n/a,masculine,singular,n/a,n/a
paralítico,1,adjective,qualificative,n/a,masculine,singular,n/a,n/a
pastoso,1,adjective,qualificative,n/a,masculine,singular,n/a,n/a
patético,1,adjective,qualificative,n/a,masculine,singular,n/a,n/a
peligroso,2,adjective,qualificative,n/a,masculine,singular,n/a,n/a
pequeño,17,adjective,qualificative,n/a,masculine,singular,n/a,n/a
perecedero,1,adjective,qualificative,n/a,masculine,singular,n/a,n/a
perfecto,19,adjective,qualificative,n/a,masculine,singular,n/a,n/a
perverso,1,adjective,qualificative,n/a,masculine,singular,n/a,n/a
pleno,1,adjective,qualificative,n/a,masculine,singular,n/a,n/a
político,14,adjective,qualificative,n/a,masculine,singular,n/a,n/a
portugués,5,adjective,qualificative,n/a,masculine,singular,n/a,n/a
positivo,6,adjective,qualificative,n/a,masculine,singular,n/a,n/a
precioso,8,adjective,qualificative,n/a,masculine,singular,n/a,n/a
pretencioso,1,adjective,qualificative,n/a,masculine,singular,n/a,n/a
previo,2,adjective,qualificative,n/a,masculine,singular,n/a,n/a
primitivo,1,adjective,qualificative,n/a,masculine,singular,n/a,n/a
problemático,1,adjective,qualificative,n/a,masculine,singular,n/a,n/a
productivo,1,adjective,qualificative,n/a,masculine,singular,n/a,n/a
profundo,1,adjective,qualificative,n/a,masculine,singular,n/a,n/a
propio,12,adjective,qualificative,n/a,masculine,singular,n/a,n/a
próximo,1,adjective,qualificative,n/a,masculine,singular,n/a,n/a
psicodélico,1,adjective,qualificative,n/a,masculine,singular,n/a,n/a
psicológico,1,adjective,qualificative,n/a,masculine,singular,n/a,n/a
psiquiátrico,4,adjective,qualificative,n/a,masculine,singular,n/a,n/a
pudoroso,1,adjective,qualificative,n/a,masculine,singular,n/a,n/a
puro,2,adjective,qualificative,n/a,masculine,singular,n/a,n/a
pálido,1,adjective,qualificative,n/a,masculine,singular,n/a,n/a
público,3,adjective,qualificative,n/a,masculine,singular,n/a,n/a
quito,1,adjective,qualificative,n/a,masculine,singular,n/a,n/a
químico,2,adjective,qualificative,n/a,masculine,singular,n/a,n/a
rancio,1,adjective,qualificative,n/a,masculine,singular,n/a,n/a
raro,7,adjective,qualificative,n/a,masculine,singular,n/a,n/a
registrador,1,adjective,qualificative,n/a,masculine,singular,n/a,n/a
relativo,1,adjective,qualificative,n/a,masculine,singular,n/a,n/a
relleno,2,adjective,qualificative,n/a,masculine,singular,n/a,n/a
remoto,1,adjective,qualificative,n/a,masculine,singular,n/a,n/a
representativo,2,adjective,qualificative,n/a,masculine,singular,n/a,n/a
republicano,1,adjective,qualificative,n/a,masculine,singular,n/a,n/a
revolucionario,1,adjective,qualificative,n/a,masculine,singular,n/a,n/a
rico,16,adjective,qualificative,n/a,masculine,singular,n/a,n/a
ridículo,1,adjective,qualificative,n/a,masculine,singular,n/a,n/a
rio,2,adjective,qualificative,n/a,masculine,singular,n/a,n/a
riquísimo,3,adjective,qualificative,n/a,masculine,singular,n/a,n/a
rojo,5,adjective,qualificative,n/a,masculine,singular,n/a,n/a
romano,3,adjective,qualificative,n/a,masculine,singular,n/a,n/a
rubio,1,adjective,qualificative,n/a,masculine,singular,n/a,n/a
rápido,4,adjective,qualificative,n/a,masculine,singular,n/a,n/a
rígido,1,adjective,qualificative,n/a,masculine,singular,n/a,n/a
rústico,1,adjective,qualificative,n/a,masculine,singular,n/a,n/a
sabroso,1,adjective,qualificative,n/a,masculine,singular,n/a,n/a
sanguinario,1,adjective,qualificative,n/a,masculine,singular,n/a,n/a
sanguíneo,1,adjective,qualificative,n/a,masculine,singular,n/a,n/a
santo,1,adjective,qualificative,n/a,masculine,singular,n/a,n/a
seco,1,adjective,qualificative,n/a,masculine,singular,n/a,n/a
secundario,1,adjective,qualificative,n/a,masculine,singular,n/a,n/a
seguro,9,adjective,qualificative,n/a,masculine,singular,n/a,n/a
sencillo,7,adjective,qualificative,n/a,masculine,singular,n/a,n/a
serio,7,adjective,qualificative,n/a,masculine,singular,n/a,n/a
serrano,1,adjective,qualificative,n/a,masculine,singular,n/a,n/a
simpático,3,adjective,qualificative,n/a,masculine,singular,n/a,n/a
siniestro,1,adjective,qualificative,n/a,masculine,singular,n/a,n/a
solo,25,adjective,qualificative,n/a,masculine,singular,n/a,n/a
sonoro,3,adjective,qualificative,n/a,masculine,singular,n/a,n/a
subjuntivo,1,adjective,qualificative,n/a,masculine,singular,n/a,n/a
subsidiario,1,adjective,qualificative,n/a,masculine,singular,n/a,n/a
sucedáneo,1,adjective,qualificative,n/a,masculine,singular,n/a,n/a
sueco,3,adjective,qualificative,n/a,masculine,singular,n/a,n/a
sórdido,1,adjective,qualificative,n/a,masculine,singular,n/a,n/a
taquillero,1,adjective,qualificative,n/a,masculine,singular,n/a,n/a
tecnológico,3,adjective,qualificative,n/a,masculine,singular,n/a,n/a
teórico,2,adjective,qualificative,n/a,masculine,singular,n/a,n/a
tierno,1,adjective,qualificative,n/a,masculine,singular,n/a,n/a
tinto,1,adjective,qualificative,n/a,masculine,singular,n/a,n/a
tosco,1,adjective,qualificative,n/a,masculine,singular,n/a,n/a
tranquilo,7,adjective,qualificative,n/a,masculine,singular,n/a,n/a
tremendo,5,adjective,qualificative,n/a,masculine,singular,n/a,n/a
trágico,1,adjective,qualificative,n/a,masculine,singular,n/a,n/a
tunelcillo,2,adjective,qualificative,n/a,masculine,singular,n/a,n/a
tuno,1,adjective,qualificative,n/a,masculine,singular,n/a,n/a
turco,3,adjective,qualificative,n/a,masculine,singular,n/a,n/a
tímido,1,adjective,qualificative,n/a,masculine,singular,n/a,n/a
típico,3,adjective,qualificative,n/a,masculine,singular,n/a,n/a
universitario,2,adjective,qualificative,n/a,masculine,singular,n/a,n/a
urbano,1,adjective,qualificative,n/a,masculine,singular,n/a,n/a
valioso,3,adjective,qualificative,n/a,masculine,singular,n/a,n/a
vaquero,1,adjective,qualificative,n/a,masculine,singular,n/a,n/a
vasco,1,adjective,qualificative,n/a,masculine,singular,n/a,n/a
verdadero,1,adjective,qualificative,n/a,masculine,singular,n/a,n/a
viejo,6,adjective,qualificative,n/a,masculine,singular,n/a,n/a
vivo,2,adjective,qualificative,n/a,masculine,singular,n/a,n/a
ácido,1,adjective,qualificative,n/a,masculine,singular,n/a,n/a
único,24,adjective,qualificative,n/a,masculine,singular,n/a,n/a
bueno,5,adjective,qualificative,superlative,feminine,plural,n/a,n/a
facilísimas,1,adjective,qualificative,superlative,feminine,plural,n/a,n/a
muchísimas,2,adjective,qualificative,superlative,feminine,plural,n/a,n/a
sucio,1,adjective,qualificative,superlative,feminine,plural,n/a,n/a
alto,1,adjective,qualificative,superlative,feminine,singular,n/a,n/a
amplio,1,adjective,qualificative,superlative,feminine,singular,n/a,n/a
bizco,1,adjective,qualificative,superlative,feminine,singular,n/a,n/a
blando,1,adjective,qualificative,superlative,feminine,singular,n/a,n/a
bueno,9,adjective,qualificative,superlative,feminine,singular,n/a,n/a
claro,1,adjective,qualificative,superlative,feminine,singular,n/a,n/a
delgado,2,adjective,qualificative,superlative,feminine,singular,n/a,n/a
delicado,1,adjective,qualificative,superlative,feminine,singular,n/a,n/a
encantado,1,adjective,qualificative,superlative,feminine,singular,n/a,n/a
especial,1,adjective,qualificative,superlative,feminine,singular,n/a,n/a
estrecho,1,adjective,qualificative,superlative,feminine,singular,n/a,n/a
fuerte,1,adjective,qualificative,superlative,feminine,singular,n/a,n/a
grave,1,adjective,qualificative,superlative,feminine,singular,n/a,n/a
jodido,1,adjective,qualificative,superlative,feminine,singular,n/a,n/a
joven,1,adjective,qualificative,superlative,feminine,singular,n/a,n/a
largo,1,adjective,qualificative,superlative,feminine,singular,n/a,n/a
lento,1,adjective,qualificative,superlative,feminine,singular,n/a,n/a
mono,1,adjective,qualificative,superlative,feminine,singular,n/a,n/a
muchísima,1,adjective,qualificative,superlative,feminine,singular,n/a,n/a
pequeño,1,adjective,qualificative,superlative,feminine,singular,n/a,n/a
raro,1,adjective,qualificative,superlative,feminine,singular,n/a,n/a
satisfecho,1,adjective,qualificative,superlative,feminine,singular,n/a,n/a
seguro,2,adjective,qualificative,superlative,feminine,singular,n/a,n/a
tonto,1,adjective,qualificative,superlative,feminine,singular,n/a,n/a
valioso,1,adjective,qualificative,superlative,feminine,singular,n/a,n/a
alejado,2,adjective,qualificative,superlative,masculine,plural,n/a,n/a
bueno,1,adjective,qualificative,superlative,masculine,plural,n/a,n/a
duro,1,adjective,qualificative,superlative,masculine,plural,n/a,n/a
ennoviadísimos,1,adjective,qualificative,superlative,masculine,plural,n/a,n/a
muchísimos,1,adjective,qualificative,superlative,masculine,plural,n/a,n/a
aburrido,1,adjective,qualificative,superlative,masculine,singular,n/a,n/a
bueno,5,adjective,qualificative,superlative,masculine,singular,n/a,n/a
caro,1,adjective,qualificative,superlative,masculine,singular,n/a,n/a
claro,1,adjective,qualificative,superlative,masculine,singular,n/a,n/a
completo,2,adjective,qualificative,superlative,masculine,singular,n/a,n/a
dificilísimo,2,adjective,qualificative,superlative,masculine,singular,n/a,n/a
divertido,1,adjective,qualificative,superlative,masculine,singular,n/a,n/a
facilísimo,1,adjective,qualificative,superlative,masculine,singular,n/a,n/a
fino,1,adjective,qualificative,superlative,masculine,singular,n/a,n/a
fresco,1,adjective,qualificative,superlative,masculine,singular,n/a,n/a
gordo,1,adjective,qualificative,superlative,masculine,singular,n/a,n/a
grande,1,adjective,qualificative,superlative,masculine,singular,n/a,n/a
grave,1,adjective,qualificative,superlative,masculine,singular,n/a,n/a
importante,2,adjective,qualificative,superlative,masculine,singular,n/a,n/a
peligroso,1,adjective,qualificative,superlative,masculine,singular,n/a,n/a
perfecto,1,adjective,qualificative,superlative,masculine,singular,n/a,n/a
raro,1,adjective,qualificative,superlative,masculine,singular,n/a,n/a
amarillo,1,adjective,qualificative,evaluative,feminine,plural,n/a,n/a
blando,1,adjective,qualificative,evaluative,feminine,plural,n/a,n/a
pequeño,2,adjective,qualificative,evaluative,feminine,plural,n/a,n/a
claro,2,adjective,qualificative,evaluative,feminine,singular,n/a,n/a
corto,1,adjective,qualificative,evaluative,feminine,singular,n/a,n/a
delgado,3,adjective,qualificative,evaluative,feminine,singular,n/a,n/a
gordo,1,adjective,qualificative,evaluative,feminine,singular,n/a,n/a
graso,1,adjective,qualificative,evaluative,feminine,singular,n/a,n/a
largo,1,adjective,qualificative,evaluative,feminine,singular,n/a,n/a
liso,1,adjective,qualificative,evaluative,feminine,singular,n/a,n/a
menudo,1,adjective,qualificative,evaluative,feminine,singular,n/a,n/a
pequeño,2,adjective,qualificative,evaluative,feminine,singular,n/a,n/a
raro,3,adjective,qualificative,evaluative,feminine,singular,n/a,n/a
sencillo,1,adjective,qualificative,evaluative,feminine,singular,n/a,n/a
solo,1,adjective,qualificative,evaluative,feminine,singular,n/a,n/a
pequeño,2,adjective,qualificative,evaluative,masculine,plural,n/a,n/a
raro,2,adjective,qualificative,evaluative,masculine,plural,n/a,n/a
barato,1,adjective,qualificative,evaluative,masculine,singular,n/a,n/a
completo,3,adjective,qualificative,evaluative,masculine,singular,n/a,n/a
grande,1,adjective,qualificative,evaluative,masculine,singular,n/a,n/a
justo,1,adjective,qualificative,evaluative,masculine,singular,n/a,n/a
macho,1,adjective,qualificative,evaluative,masculine,singular,n/a,n/a
menudo,2,adjective,qualificative,evaluative,masculine,singular,n/a,n/a
moderno,1,adjective,qualificative,evaluative,masculine,singular,n/a,n/a
moreno,1,adjective,qualificative,evaluative,masculine,singular,n/a,n/a
raro,1,adjective,qualificative,evaluative,masculine,singular,n/a,n/a
sencillo,1,adjective,qualificative,evaluative,masculine,singular,n/a,n/a
