aula_10_LO_QUE_HEMOS_HECHO,2,2,number,n/a
aula_10_ORDENADOR_DE_TRES_FUNCIONES,3,2,number,n/a
aula_20_SE_PRESENTA_ANA_Y_CORPUS,90,1,number,n/a
aula_20_SOBRE_EL_MARCO,2,1,number,n/a
char_48_SOMOS_2,1900,1,number,n/a
char_48_SOMOS_2,1930,1,number,n/a
char_48_SOMOS_2,2001,1,number,n/a
char_48_SOMOS_2,4,3,number,n/a
char_48_SOMOS_2,90,1,number,n/a
char_58_FUNDACION_DEL_PAULAR_1,100,1,number,n/a
char_58_FUNDACION_DEL_PAULAR_1,1390,3,number,n/a
char_60_BERLANGA_8,2,1,number,n/a
char_60_BERLANGA_8,30,2,number,n/a
char_60_CINE_COMO_INDUSTRIA_7,4,1,number,n/a
char_60_CINE_COMO_INDUSTRIA_7,5,1,number,n/a
char_60_HISTORIAS_4,2.1,1,number,n/a
char_60_HISTORIAS_4,10/12,1,number,percentage
char_60_PRIMERAS_BUENAS_PELICULAS_11,TM_d:27,1,number,unit
char_60_PRIMERAS_BUENAS_PELICULAS_11,TM_h:27,1,number,unit
char_67_VALORES_Y_ENTRENADORES_11,11,1,number,n/a
char_67_VALORES_Y_ENTRENADORES_11,2,5,number,n/a
char_67_VALORES_Y_ENTRENADORES_11,20,2,number,n/a
char_67_VALORES_Y_ENTRENADORES_11,3,3,number,n/a
char_67_VALORES_Y_ENTRENADORES_11,4,1,number,n/a
char_67_VALORES_Y_ENTRENADORES_11,$_ECU:12000000,1,number,currency
char_72_ROJO_TELAS_2,2,2,number,n/a
conv_01_ABREN_LOS_REGALOS_1,2,1,number,n/a
conv_01_ABREN_LOS_REGALOS_1,5,1,number,n/a
conv_01_ABREN_LOS_REGALOS_1,56,1,number,n/a
conv_01_ABREN_LOS_REGALOS_1,$_ECU:90,1,number,currency
conv_01_CABRITO_5,1.2,1,number,n/a
conv_01_CABRITO_5,3,2,number,n/a
conv_01_CABRITO_5,4,1,number,n/a
conv_01_CABRITO_5,TM_d:3,1,number,unit
conv_01_CABRITO_5,TM_h:15,1,number,unit
conv_01_CON_GALLUMBOS_2,TM_d:2,1,number,unit
conv_01_ETIQUETAS_4,TM_h:15,1,number,unit
conv_01_MALA_NOCHE_6,2,3,number,n/a
conv_01_MALA_NOCHE_6,2.1,1,number,n/a
conv_01_MALA_NOCHE_6,5,3,number,n/a
conv_01_QUE_REGALAR_5,TM_d:10,1,number,unit
conv_03_ESTAMOS_AQUI_POR_UNA_COINCIDENCIA,1.2,1,number,n/a
conv_03_ESTAMOS_AQUI_POR_UNA_COINCIDENCIA,2,2,number,n/a
conv_03_FOTO,1.2,1,number,n/a
conv_03_FOTO,20,1,number,n/a
conv_03_FOTO,30,1,number,n/a
conv_03_FOTO,78,1,number,n/a
conv_03_LA_CASA_NUEVA,100,1,number,n/a
conv_03_LA_CASA_NUEVA,12,4,number,n/a
conv_03_LA_CASA_NUEVA,3,1,number,n/a
conv_03_LA_CASA_NUEVA,LN_m:50,1,number,unit
conv_03_LATIN_Y_GRIEGO,2,3,number,n/a
conv_03_LATIN_Y_GRIEGO,8,2,number,n/a
conv_03_LO_LABORAL_Y_FAMILIAR,1.2,1,number,n/a
conv_03_LO_LABORAL_Y_FAMILIAR,10,2,number,n/a
conv_03_LO_LABORAL_Y_FAMILIAR,2,4,number,n/a
conv_03_LO_LABORAL_Y_FAMILIAR,3,1,number,n/a
conv_03_LO_LABORAL_Y_FAMILIAR,5,2,number,n/a
conv_03_LO_LABORAL_Y_FAMILIAR,8,1,number,n/a
conv_03_LO_LABORAL_Y_FAMILIAR,81,2,number,n/a
conv_03_LO_LABORAL_Y_FAMILIAR,89,1,number,n/a
conv_03_LO_LABORAL_Y_FAMILIAR,9,1,number,n/a
conv_03_LO_LABORAL_Y_FAMILIAR,90,3,number,n/a
conv_03_LO_QUE_NO_QUERIA_Y_EMBARAZADA,19,1,number,n/a
conv_03_NO_TENGO_SOLTURA,12,1,number,n/a
conv_03_PROFE_DE_HISTORIA,0,1,number,n/a
conv_03_PROFE_DE_HISTORIA,7,1,number,n/a
conv_03_PROFE_DE_HISTORIA,8,1,number,n/a
conv_03_PROFE_DE_HISTORIA,9,1,number,n/a
conv_03_PUEDO_FRACASAR,12,1,number,n/a
conv_03_PUEDO_FRACASAR,2,1,number,n/a
conv_03_PUEDO_FRACASAR,30,1,number,n/a
conv_03_PUEDO_FRACASAR,TM_h:3,1,number,unit
conv_03_TRABAJO_EN_LA_ADMINISTRACION,50,2,number,n/a
conv_03_TRABAJO_TODOS_LOS_DIAS,2,2,number,n/a
conv_03_TRABAJO_TODOS_LOS_DIAS,9,3,number,n/a
conv_03_TRANSCRIBIR_8,4.16,1,number,n/a
conv_03_TRANSCRIBIR_8,$_ECU:300,1,number,currency
conv_03_UNA_CHIQUITA_JAPONESA,3,1,number,n/a
conv_03_VIGILADA,20,2,number,n/a
conv_04_LE_HA_DICHO_LA_PROFE,2,2,number,n/a
conv_05_ESTAS_GRABANDO,1000,1,number,n/a
conv_06_PAREJAS_ABIERTAS,13,1,number,n/a
conv_06_PAREJAS_ABIERTAS,14,2,number,n/a
conv_06_PAREJAS_ABIERTAS,15,2,number,n/a
conv_06_PAREJAS_ABIERTAS,18,2,number,n/a
conv_06_PAREJAS_ABIERTAS,2,4,number,n/a
conv_06_PAREJAS_ABIERTAS,3,2,number,n/a
conv_06_PAREJAS_ABIERTAS,TM_d:3,1,number,unit
conv_07_LLEGA_DE_LA_CONFERENCIA,11,1,number,n/a
conv_07_LLEGA_DE_LA_CONFERENCIA,180,1,number,n/a
conv_07_LLEGA_DE_LA_CONFERENCIA,4,1,number,n/a
conv_07_LLEGA_DE_LA_CONFERENCIA,TM_h:2,1,number,unit
conv_08_FUMAR_SOLO,1.7,1,number,n/a
conv_08_FUMAR_SOLO,14,1,number,n/a
conv_08_FUMAR_SOLO,18,1,number,n/a
conv_08_FUMAR_SOLO,2,2,number,n/a
conv_08_FUMAR_SOLO,3,1,number,n/a
conv_08_FUMAR_SOLO,6,2,number,n/a
conv_08_OPERACION_MUY_COMPLICADA,100,1,number,n/a
conv_08_OPERACION_MUY_COMPLICADA,2,1,number,n/a
conv_08_OPERACION_MUY_COMPLICADA,33,1,number,n/a
conv_08_OPERACION_MUY_COMPLICADA,4,2,number,n/a
conv_08_OPERACION_MUY_COMPLICADA,6,1,number,n/a
conv_08_OPERACION_MUY_COMPLICADA,TM_d:3,1,number,unit
conv_11_LOS_NACIONALISMOS_DEL_XIX_12,2,1,number,n/a
conv_11_REIVINDICAR_AL_ANDALUS,50,1,number,n/a
conv_11_REIVINDICAR_AL_ANDALUS,8,2,number,n/a
conv_11_TODAS_LAS_TALLAS,2,2,number,n/a
conv_11_TODAS_LAS_TALLAS,38,1,number,n/a
conv_11_TODAS_LAS_TALLAS,40,2,number,n/a
conv_11_YO_RAJO_MUCHISIMO,2,1,number,n/a
conv_11_YO_RAJO_MUCHISIMO,200,1,number,n/a
conv_11_YO_RAJO_MUCHISIMO,9,1,number,n/a
conv_11_YO_RAJO_MUCHISIMO,TM_h:2,1,number,unit
conv_13_EL_LATIN,2,1,number,n/a
conv_13_FAMILIARES_EN_MORA,14,4,number,n/a
conv_13_FAMILIARES_EN_MORA,15,1,number,n/a
conv_13_FAMILIARES_EN_MORA,19,1,number,n/a
conv_13_FAMILIARES_EN_MORA,2,1,number,n/a
conv_13_FAMILIARES_EN_MORA,20,2,number,n/a
conv_13_FAMILIARES_EN_MORA,36,2,number,n/a
conv_13_FAMILIARES_EN_MORA,80,1,number,n/a
conv_13_FAMILIARES_EN_MORA,LN_km:100,1,number,unit
conv_13_FAMILIARES_EN_MORA,TM_d:2,3,number,unit
conv_14_EL_MADRID_DE_LA_EPOCA,12,1,number,n/a
conv_14_MI_TATARABUELA,3,1,number,n/a
conv_18_CAMION_CHINO_ME_VOY,3,2,number,n/a
conv_18_CAMION_CHINO_ME_VOY,$_ECU:3,1,number,currency
conv_18_EMIGRANTES_Y_SESENTA_HORAS,0,1,number,n/a
conv_18_EMIGRANTES_Y_SESENTA_HORAS,1000,1,number,n/a
conv_18_EMIGRANTES_Y_SESENTA_HORAS,1500,2,number,n/a
conv_18_EMIGRANTES_Y_SESENTA_HORAS,2,1,number,n/a
conv_18_EMIGRANTES_Y_SESENTA_HORAS,20,1,number,n/a
conv_18_EMIGRANTES_Y_SESENTA_HORAS,4,1,number,n/a
conv_18_EMIGRANTES_Y_SESENTA_HORAS,4000,1,number,n/a
conv_18_EMIGRANTES_Y_SESENTA_HORAS,5,1,number,n/a
conv_18_EMIGRANTES_Y_SESENTA_HORAS,58,1,number,n/a
conv_18_EMIGRANTES_Y_SESENTA_HORAS,6,1,number,n/a
conv_18_EMIGRANTES_Y_SESENTA_HORAS,60,1,number,n/a
conv_18_EMIGRANTES_Y_SESENTA_HORAS,61,2,number,n/a
conv_18_EMIGRANTES_Y_SESENTA_HORAS,62,5,number,n/a
conv_18_EMIGRANTES_Y_SESENTA_HORAS,63,6,number,n/a
conv_18_EMIGRANTES_Y_SESENTA_HORAS,64,2,number,n/a
conv_18_EMIGRANTES_Y_SESENTA_HORAS,68,2,number,n/a
conv_18_EMIGRANTES_Y_SESENTA_HORAS,69,1,number,n/a
conv_18_EMIGRANTES_Y_SESENTA_HORAS,70,2,number,n/a
conv_18_EMIGRANTES_Y_SESENTA_HORAS,TM_h:48,1,number,unit
conv_18_EMIGRANTES_Y_SESENTA_HORAS,TM_h:60,1,number,unit
conv_19_HAN_CENADO_Y_PELOS_LARGOS,1.6,1,number,n/a
conv_30_ASIGNATURAS_DOCTORADO_1,30,1,number,n/a
conv_30_ASIGNATURAS_DOCTORADO_1,33,2,number,n/a
conv_30_ASIGNATURAS_DOCTORADO_1,35,1,number,n/a
conv_30_ASIGNATURAS_DOCTORADO_1,40,1,number,n/a
conv_30_ASIGNATURAS_DOCTORADO_1,5,1,number,n/a
conv_30_ASIGNATURAS_DOCTORADO_1,7,2,number,n/a
conv_30_ASIGNATURAS_DOCTORADO_1,9,3,number,n/a
conv_30_BECAS_2,1000,1,number,n/a
conv_30_BECAS_2,12,2,number,n/a
conv_30_BECAS_2,1300,1,number,n/a
conv_30_BECAS_2,2,1,number,n/a
conv_30_BECAS_2,4,1,number,n/a
conv_30_BECAS_2,$_ECU:400,1,number,currency
conv_30_ESCRIBE_EN_EL_PSIQUIATRICO_7,42,3,number,n/a
conv_30_ESCRIBE_EN_EL_PSIQUIATRICO_7,53,2,number,n/a
conv_30_ESCRIBE_EN_EL_PSIQUIATRICO_7,64,1,number,n/a
conv_30_ESTA_TIA_PUEDE_SER_TONTA_4,2,1,number,n/a
conv_30_GUAY_5,$_ECU:360,1,number,currency
conv_30_GUAY_5,TM_h:2,1,number,unit
conv_30_PROFE_ES_UNA_INVESTIGACION_6,3,1,number,n/a
conv_30_PROFE_ES_UNA_INVESTIGACION_6,9,2,number,n/a
conv_33_QUE_CRUEL_5,1000,2,number,n/a
conv_33_QUE_CRUEL_5,2,1,number,n/a
conv_33_QUE_CRUEL_5,TM_d:4,1,number,unit
conv_33_QUE_NO_AGUANTARIAS_A_OTRO_6,5,2,number,n/a
conv_39_ME_VIENE_GENIAL,2,1,number,n/a
conv_39_ME_VIENE_GENIAL,3,1,number,n/a
conv_39_ME_VIENE_GENIAL,$_ECU:60,1,number,currency
conv_39_ME_VIENE_GENIAL,TM_min:20,1,number,unit
conv_39_ME_VIENE_GENIAL,TM_min:40,1,number,unit
conv_39_ME_VIENE_GENIAL,TM_min:45,1,number,unit
conv_51_CONSUEGROS,10,2,number,n/a
conv_51_CONSUEGROS,50,1,number,n/a
conv_51_CONSUEGROS,73,1,number,n/a
conv_53_ELIGEN_CARRETERAS,19,1,number,n/a
conv_53_ELIGEN_CARRETERAS,bonito2.2,1,number,n/a
conv_53_ELIGEN_CARRETERAS,LN_km:50,1,number,unit
conv_53_PUEBLIN_AGRADABLE,0,1,number,n/a
conv_53_PUEBLIN_AGRADABLE,17,1,number,n/a
conv_53_PUEBLIN_AGRADABLE,170,2,number,n/a
conv_53_PUEBLIN_AGRADABLE,2,3,number,n/a
conv_53_PUEBLIN_AGRADABLE,3,5,number,n/a
conv_53_PUEBLIN_AGRADABLE,4,13,number,n/a
conv_53_PUEBLIN_AGRADABLE,5,9,number,n/a
conv_53_PUEBLIN_AGRADABLE,70,2,number,n/a
conv_53_PUEBLIN_AGRADABLE,75,1,number,n/a
conv_53_PUEBLIN_AGRADABLE,8,1,number,n/a
conv_53_PUEBLIN_AGRADABLE,85,5,number,n/a
conv_53_PUEBLIN_AGRADABLE,9,6,number,n/a
conv_53_PUEBLIN_AGRADABLE,90,1,number,n/a
conv_53_PUEBLIN_AGRADABLE,95,5,number,n/a
conv_53_PUEBLIN_AGRADABLE,LN_km:3,1,number,unit
conv_65_DOBLAJE,30,1,number,n/a
conv_65_DOBLAJE,40,1,number,n/a
conv_66_PUBLICO_Y_PRIVADO,10,2,number,n/a
conv_66_PUBLICO_Y_PRIVADO,15,1,number,n/a
conv_66_PUBLICO_Y_PRIVADO,2,3,number,n/a
conv_66_PUBLICO_Y_PRIVADO,5,1,number,n/a
conv_66_PUBLICO_Y_PRIVADO,53,1,number,n/a
conv_66_PUBLICO_Y_PRIVADO,56,2,number,n/a
conv_66_PUBLICO_Y_PRIVADO,6,4,number,n/a
dial_04_ANTES_ERAS_DE_LA_MISMA_CATEGORIA,2,1,number,n/a
dial_04_ANTES_ERAS_DE_LA_MISMA_CATEGORIA,7,1,number,n/a
dial_04_ANTES_ERAS_DE_LA_MISMA_CATEGORIA,8,1,number,n/a
dial_04_ANTES_ERAS_DE_LA_MISMA_CATEGORIA,TM_d:2,1,number,unit
dial_04_EL_AÑO_DE_LA_PERA,$_ESP:70000,3,number,currency
dial_04_DICE_UNAS_BURRADAS_BRUTALES,TM_d:10,1,number,unit
dial_04_DICE_UNAS_BURRADAS_BRUTALES,TM_d:15,1,number,unit
dial_04_DICE_UNAS_BURRADAS_BRUTALES,TM_d:2,1,number,unit
dial_04_DICE_UNAS_BURRADAS_BRUTALES,TM_d:3,1,number,unit
dial_04_INFANCIA_DIFICIL,1000,3,number,n/a
dial_04_INFANCIA_DIFICIL,4,2,number,n/a
dial_04_INFANCIA_DIFICIL,7,1,number,n/a
dial_04_LA_ACADEMIA_ES_BUENISIMA,2,1,number,n/a
dial_04_LA_ACADEMIA_ES_BUENISIMA,TM_d:2,1,number,unit
dial_04_LA_ACADEMIA_ES_BUENISIMA,TM_min:10,1,number,unit
dial_04_LOS_HOMBRES_TORPES,$_ESP:1000,1,number,currency
dial_04_LOS_HOMBRES_TORPES,$_ESP:20000,1,number,currency
dial_04_LOS_HOMBRES_TORPES,TM_d:3,1,number,unit
dial_04_PUNTO_HORTERA_Y_ESTO_ES_DE_MUY_MAYORES,0,1,number,n/a
dial_04_PUNTO_HORTERA_Y_ESTO_ES_DE_MUY_MAYORES,6,2,number,n/a
dial_04_PUNTO_HORTERA_Y_ESTO_ES_DE_MUY_MAYORES,7,1,number,n/a
dial_04_PUNTO_HORTERA_Y_ESTO_ES_DE_MUY_MAYORES,8,3,number,n/a
dial_04_PUNTO_HORTERA_Y_ESTO_ES_DE_MUY_MAYORES,9,1,number,n/a
dial_04_PUNTO_HORTERA_Y_ESTO_ES_DE_MUY_MAYORES,TM_min:10,1,number,unit
dial_04_TIENE_CINCO_HIJOS_EN_ECUADOR,12,1,number,n/a
dial_04_TIENE_CINCO_HIJOS_EN_ECUADOR,13,1,number,n/a
dial_04_TIENE_CINCO_HIJOS_EN_ECUADOR,2,2,number,n/a
dial_04_TIENE_CINCO_HIJOS_EN_ECUADOR,3,1,number,n/a
dial_04_TIENE_CINCO_HIJOS_EN_ECUADOR,4,2,number,n/a
dial_04_TIENE_CINCO_HIJOS_EN_ECUADOR,5,4,number,n/a
dial_04_TIENE_CINCO_HIJOS_EN_ECUADOR,7,2,number,n/a
dial_04_TIENE_CINCO_HIJOS_EN_ECUADOR,8,1,number,n/a
dial_04_TIENE_CINCO_HIJOS_EN_ECUADOR,9,1,number,n/a
dial_32_A_DENTELLADAS,15,1,number,n/a
dial_32_A_DENTELLADAS,5,3,number,n/a
dial_32_A_DENTELLADAS,55,1,number,n/a
dial_32_A_DENTELLADAS,60,1,number,n/a
dial_32_SE_APRENDE_EN_EL_EJEMPLO,30,1,number,n/a
dial_54_UN_PISITO,1800,1,number,n/a
entr_17_GENERACION_DE_TECNOCRATAS,2,1,number,n/a
entr_17_GENERACION_DE_TECNOCRATAS,3,1,number,n/a
entr_17_GENERACION_DE_TECNOCRATAS,60,1,number,n/a
entr_26_LABIA_FINA,2,1,number,n/a
entr_26_NO_HABIA_NACIDO,80,1,number,n/a
entr_26_REYES_DEL_MAMBO,2,1,number,n/a
entr_26_REYES_DEL_MAMBO,3,1,number,n/a
entr_26_REYES_DEL_MAMBO,5,1,number,n/a
entr_26_REYES_DEL_MAMBO,80,3,number,n/a
entr_27_CAMBIA_LA_RELACION_9,1000,1,number,n/a
entr_27_CAMBIA_LA_RELACION_9,2000,1,number,n/a
entr_27_COMPETIR_26,1.7,1,number,n/a
entr_27_COMPETIR_26,2.13,1,number,n/a
entr_27_COMPETIR_26,6,2,number,n/a
entr_27_COMPLEJO_DE_INFERIORIDAD_12,10,1,number,n/a
entr_27_COMPLEJO_DE_INFERIORIDAD_12,1000,1,number,n/a
entr_27_COMPLEJO_DE_INFERIORIDAD_12,11,1,number,n/a
entr_27_COMPLEJO_DE_INFERIORIDAD_12,2000,1,number,n/a
entr_27_CONFLICTO_PERIODISTAS_5,2,1,number,n/a
entr_27_CONFLICTO_PERIODISTAS_5,3,1,number,n/a
entr_27_CUENTA_DE_RESULTADOS_22,10,1,number,n/a
entr_27_CUENTA_DE_RESULTADOS_22,100,1,number,n/a
entr_27_CUENTA_DE_RESULTADOS_22,2,2,number,n/a
entr_27_CUENTA_DE_RESULTADOS_22,3,3,number,n/a
entr_27_CUENTA_DE_RESULTADOS_22,4,1,number,n/a
entr_27_CUENTA_DE_RESULTADOS_22,8,1,number,n/a
entr_27_CUENTA_DE_RESULTADOS_22,90,1,number,n/a
entr_27_CUENTA_DE_RESULTADOS_22,$_ECU:5,2,number,currency
entr_27_GRUPO_18,2,1,number,n/a
entr_27_IMPRONTA_2,15,1,number,n/a
entr_27_IMPRONTA_2,20,1,number,n/a
entr_27_IMPRONTA_2,76,3,number,n/a
entr_27_IMPRONTA_2,78,1,number,n/a
entr_27_IMPRONTA_2,8,1,number,n/a
entr_27_IMPRONTA_2,9,1,number,n/a
entr_27_IMPRONTA_2,90,3,number,n/a
entr_27_LOS_BUENOS_PERIODICOS_24,150,1,number,n/a
entr_27_LOS_BUENOS_PERIODICOS_24,2,1,number,n/a
entr_27_LOS_BUENOS_PERIODICOS_24,3,1,number,n/a
entr_27_LOS_BUENOS_PERIODICOS_24,5,1,number,n/a
entr_27_LOS_BUENOS_PERIODICOS_24,52,1,number,n/a
entr_27_LOS_BUENOS_PERIODICOS_24,70,1,number,n/a
entr_27_LOS_BUENOS_PERIODICOS_24,3000000,1,number,partitive
entr_27_LOS_BUENOS_PERIODICOS_24,TM_d:3,1,number,unit
entr_27_MI_CARRERA_32,6,3,number,n/a
entr_27_PEQUEÑO_COTO_11,3,1,number,n/a
entr_27_PEQUEÑO_COTO_11,5,2,number,n/a
entr_27_PLANTILLA_6,2,2,number,n/a
entr_27_REVOLUCION_4,2,1,number,n/a
entr_27_REVOLUCION_4,3,1,number,n/a
entr_27_REVOLUCION_4,4,1,number,n/a
entr_27_REVOLUCION_4,5,1,number,n/a
entr_27_VIL_23,10,1,number,n/a
entr_27_VIL_23,100,3,number,n/a
entr_27_VIL_23,3,2,number,n/a
entr_27_VIL_23,50,1,number,n/a
entr_27_VIL_23,TM_h:24,4,number,unit
entr_28_ALUMNADO_JOVEN_2,18,1,number,n/a
entr_28_ALUMNADO_JOVEN_2,19,3,number,n/a
entr_28_ALUMNADO_JOVEN_2,2,1,number,n/a
entr_28_ALUMNADO_JOVEN_2,20,2,number,n/a
entr_28_ALUMNADO_JOVEN_2,30,1,number,n/a
entr_28_ALUMNADO_JOVEN_2,34,1,number,n/a
entr_28_ALUMNADO_JOVEN_2,35,1,number,n/a
entr_28_ALUMNADO_JOVEN_2,41,1,number,n/a
entr_28_ALUMNADO_JOVEN_2,72,3,number,n/a
entr_28_ALUMNADO_JOVEN_2,TM_d:2,1,number,unit
entr_28_ASOCIACIONES_MIRADAS_TORVAS_12,10,2,number,n/a
entr_28_ASOCIACIONES_MIRADAS_TORVAS_12,160,2,number,n/a
entr_28_ASOCIACIONES_MIRADAS_TORVAS_12,20,1,number,n/a
entr_28_ASOCIACIONES_MIRADAS_TORVAS_12,300,1,number,n/a
entr_28_ASOCIACIONES_MIRADAS_TORVAS_12,400,1,number,n/a
entr_28_ASOCIACIONES_MIRADAS_TORVAS_12,60,2,number,n/a
entr_28_ASOCIACIONES_MIRADAS_TORVAS_12,70,2,number,n/a
entr_28_CAMBIO_RADICAL_3,2,1,number,n/a
entr_28_CAMBIO_RADICAL_3,3,1,number,n/a
entr_28_INFORMATICA_AQUI_4,2,1,number,n/a
entr_28_INFORMATICA_AQUI_4,3,1,number,n/a
entr_28_INFORMATICA_AQUI_4,5,1,number,n/a
entr_28_LA_TUNA_DISCRIMINA_11,2,1,number,n/a
entr_28_LA_TUNA_DISCRIMINA_11,40,1,number,n/a
entr_28_LA_TUNA_DISCRIMINA_11,68,1,number,n/a
entr_28_NO_CLASISTA_9,10,1,number,n/a
entr_28_NO_CLASISTA_9,4,1,number,n/a
entr_28_NO_CLASISTA_9,5,1,number,n/a
entr_28_NUEVAS_TECNOLOGIAS_A_SU_ALCANCE_5,1000,4,number,n/a
entr_28_NUEVAS_TECNOLOGIAS_A_SU_ALCANCE_5,2,1,number,n/a
entr_28_NUEVAS_TECNOLOGIAS_A_SU_ALCANCE_5,3,1,number,n/a
entr_28_RELACION_CON_DOCENCIA_9,4,2,number,n/a
entr_28_RELACION_CON_DOCENCIA_9,6,2,number,n/a
entr_28_UNIVERSIDAD_MATERIA_GRIS_7,3,2,number,n/a
entr_28_UNIVERSIDAD_MATERIA_GRIS_7,TM_min:10,1,number,unit
entr_28_UNIVERSIDAD_MATERIA_GRIS_7,TM_min:3,1,number,unit
entr_28_UNIVERSIDAD_Y_SOCIEDAD_6,20,2,number,n/a
entr_28_UNIVERSIDAD_Y_SOCIEDAD_6,30,1,number,n/a
entr_28_UNIVERSIDAD_Y_SOCIEDAD_6,70,1,number,n/a
entr_29_CONSERVADURISMO_RADICAL_4,15,1,number,n/a
entr_29_CONSERVADURISMO_RADICAL_4,20,1,number,n/a
entr_29_CONSERVADURISMO_RADICAL_4,24,1,number,n/a
entr_29_CONSERVADURISMO_RADICAL_4,30,1,number,n/a
entr_29_ESTO_NO_GRABA_NO_HAY_EVOLUCION_1,15,5,number,n/a
entr_29_GENTE_CON_LA_QUE_TRABAJO_2,100,1,number,n/a
entr_29_GENTE_CON_LA_QUE_TRABAJO_2,15,3,number,n/a
entr_29_GENTE_CON_LA_QUE_TRABAJO_2,2,4,number,n/a
entr_29_GENTE_CON_LA_QUE_TRABAJO_2,4,2,number,n/a
entr_29_GENTE_CON_LA_QUE_TRABAJO_2,5,1,number,n/a
entr_31_A_POR_ELLO_1,1.3,1,number,n/a
entr_31_A_POR_ELLO_1,2,1,number,n/a
entr_31_A_POR_ELLO_1,6,1,number,n/a
entr_31_A_POR_ELLO_1,70,1,number,n/a
entr_31_A_POR_ELLO_1,79,3,number,n/a
entr_31_A_POR_ELLO_1,80,1,number,n/a
entr_31_A_POR_ELLO_1,83,5,number,n/a
entr_31_COMPRAR_MUSICA_4,3,1,number,n/a
entr_31_FICHAS_A_MANO_7,0,1,number,n/a
entr_31_FICHAS_A_MANO_7,10,2,number,n/a
entr_31_FICHAS_A_MANO_7,2,1,number,n/a
entr_31_FICHAS_A_MANO_7,3,3,number,n/a
entr_31_FICHAS_A_MANO_7,4,1,number,n/a
entr_31_FONOTECA_3,83,2,number,n/a
entr_34_DE_CIENCIAS_2,98,1,number,n/a
entr_35_AUTORITAS_9,2,1,number,n/a
entr_35_DE_FORMACION_2,17,2,number,n/a
entr_35_DE_FORMACION_2,20,1,number,n/a
entr_35_DE_FORMACION_2,30,2,number,n/a
entr_35_DE_FORMACION_2,75,1,number,n/a
entr_35_DE_FORMACION_2,80,1,number,n/a
entr_35_DE_FORMACION_2,82,3,number,n/a
entr_35_DE_FORMACION_2,90,2,number,n/a
entr_35_DE_FORMACION_2,92,1,number,n/a
entr_35_EN_ESTOS_DIECISIETE_3,17,6,number,n/a
entr_35_HABLAR_ACTUAR_12,10,1,number,n/a
entr_35_HABLAR_ACTUAR_12,2,1,number,n/a
entr_35_MARRUECOS_Y_DESPEDIDA_14,11,1,number,n/a
entr_35_MARRUECOS_Y_DESPEDIDA_14,3,1,number,n/a
entr_35_MARRUECOS_Y_DESPEDIDA_14,78,1,number,n/a
entr_35_MARRUECOS_Y_DESPEDIDA_14,80,1,number,n/a
entr_35_PSICOTERAPIA_PSICOANALISIS_5,100,1,number,n/a
entr_35_PSICOTERAPIA_PSICOANALISIS_5,2,3,number,n/a
entr_35_PSICOTERAPIA_PSICOANALISIS_5,20,2,number,n/a
entr_35_REVOLUCION_FEMINISTA_10,60,1,number,n/a
entr_35_TIRITAS_6,17,1,number,n/a
entr_35_TIRITAS_6,20,1,number,n/a
entr_35_TRADUJE_Y_RECUERDO_15,24,1,number,n/a
entr_35_YO_CREO_QUE_ESPAÑA_8,15,1,number,n/a
entr_35_YO_CREO_QUE_ESPAÑA_8,20,2,number,n/a
entr_37_CAMBIOS_QUE_SE_HAN_PRODUCIDO,1994,1,number,n/a
entr_37_CAMBIOS_QUE_SE_HAN_PRODUCIDO,80,1,number,n/a
entr_37_CAMBIOS_QUE_SE_HAN_PRODUCIDO,94,1,number,n/a
entr_37_DEDICACION,1800,2,number,n/a
entr_37_EJERCICIO_DE_LA_PROFESION_8,2,1,number,n/a
entr_37_EMPIEZO_2,1977,2,number,n/a
entr_37_EMPIEZO_2,1982,1,number,n/a
entr_37_EMPIEZO_2,3,1,number,n/a
entr_37_EMPIEZO_2,5,2,number,n/a
entr_37_EMPIEZO_2,77,1,number,n/a
entr_37_EMPIEZO_2,82,1,number,n/a
entr_37_PUES_AHI_QUE_FUI,1800,1,number,n/a
entr_37_PUES_AHI_QUE_FUI,1986,1,number,n/a
entr_37_PUES_AHI_QUE_FUI,25,1,number,n/a
entr_37_PUES_AHI_QUE_FUI,3,1,number,n/a
entr_37_PUES_AHI_QUE_FUI,4,1,number,n/a
entr_37_PUES_AHI_QUE_FUI,400,1,number,n/a
entr_37_PUES_AHI_QUE_FUI,82,1,number,n/a
entr_37_SERVICIO_MILITAR,18,1,number,n/a
entr_37_SERVICIO_MILITAR,1936,1,number,n/a
entr_37_SERVICIO_MILITAR,1982,2,number,n/a
entr_37_SERVICIO_MILITAR,1983,1,number,n/a
entr_37_SERVICIO_MILITAR,2,1,number,n/a
entr_37_SERVICIO_MILITAR,2002,2,number,n/a
entr_37_SERVICIO_MILITAR,2003,1,number,n/a
entr_37_SERVICIO_MILITAR,3,2,number,n/a
entr_37_SERVICIO_MILITAR,80,2,number,n/a
entr_37_SERVICIO_MILITAR,82,3,number,n/a
entr_37_SERVICIO_MILITAR,83,2,number,n/a
entr_38_EL_VALOR_DEL_LIBRO,2,1,number,n/a
entr_38_EL_VALOR_DEL_LIBRO,20,1,number,n/a
entr_38_EL_VALOR_DEL_LIBRO,2008,1,number,n/a
entr_38_EL_VALOR_DEL_LIBRO,92,1,number,n/a
entr_38_HACER_MIL_COSAS_7,1000,1,number,n/a
entr_38_HACER_MIL_COSAS_7,20,1,number,n/a
entr_38_LA_CAJA_9,2,1,number,n/a
entr_38_LA_CAJA_9,3,1,number,n/a
entr_38_LA_CAJA_9,90,1,number,n/a
entr_38_LEJOS_DEL_MUNDANAL_RUIDO_3,1.3,1,number,n/a
entr_38_LEJOS_DEL_MUNDANAL_RUIDO_3,10,1,number,n/a
entr_38_LEJOS_DEL_MUNDANAL_RUIDO_3,100,4,number,n/a
entr_38_LEJOS_DEL_MUNDANAL_RUIDO_3,4,1,number,n/a
entr_38_LEJOS_DEL_MUNDANAL_RUIDO_3,5,1,number,n/a
entr_40_CREMA_DE_MELON_CON_JAMON,100,1,number,n/a
entr_40_CREMA_DE_MELON_CON_JAMON,150,1,number,n/a
entr_40_FILETES_DE_POLLO_EN_SALSA_DE_SETAS,TM_min:10,1,number,unit
entr_40_TARTA_DE_LIMON,150,1,number,n/a
entr_40_TARTA_DE_LIMON,2,6,number,n/a
entr_40_TARTA_DE_LIMON,200,1,number,n/a
entr_40_TARTA_DE_LIMON,3,2,number,n/a
entr_40_TARTA_DE_LIMON,WG_g:200,1,number,unit
entr_40_TORTILLA_DE_BERENJENAS,2,1,number,n/a
entr_40_TORTILLA_DE_BERENJENAS,5,1,number,n/a
entr_43_CRÊPES_DE_NIÑAS,12,1,number,n/a
entr_43_CRÊPES_DE_NIÑAS,2,1,number,n/a
entr_43_CRÊPES_DE_NIÑAS,7,2,number,n/a
entr_43_CRÊPES_DE_NIÑAS,8,1,number,n/a
entr_43_CRÊPES_DE_NIÑAS,9,2,number,n/a
entr_43_CRÊPES_DE_NIÑAS,WG_g:250,1,number,unit
entr_43_DUENDES,2,3,number,n/a
entr_43_TARTA_DE_MANZANA,180,1,number,n/a
entr_43_TARTA_DE_MANZANA,2,2,number,n/a
entr_43_TARTA_DE_MANZANA,3,1,number,n/a
entr_43_TARTA_DE_MANZANA,8,5,number,n/a
entr_44_ALBONDIGAS,10,1,number,n/a
entr_44_ALBONDIGAS,12,1,number,n/a
entr_44_ALBONDIGAS,2,1,number,n/a
entr_44_ALBONDIGAS,3/4,1,number,percentage
entr_44_CROQUETAS_GAMBAS_4,1.6,1,number,n/a
entr_44_CROQUETAS_GAMBAS_4,2,1,number,n/a
entr_44_CROQUETAS_GAMBAS_4,3,2,number,n/a
entr_44_CROQUETAS_LOLA_3,2,1,number,n/a
entr_44_CROQUETAS_LOLA_3,3,1,number,n/a
entr_44_GAZPACHO,TM_min:10,1,number,unit
entr_44_PAELLA_MIXTA,10,1,number,n/a
entr_44_PAELLA_MIXTA,2,6,number,n/a
entr_44_PAELLA_MIXTA,4,1,number,n/a
entr_44_PAELLA_MIXTA,8,4,number,n/a
entr_44_PAELLA_MIXTA,TM_min:10,1,number,unit
entr_44_PAELLA_MIXTA,TM_min:5,1,number,unit
entr_45_CALDO_GALLEGO,2,13,number,n/a
entr_45_CALDO_GALLEGO,3,2,number,n/a
entr_45_CALDO_GALLEGO,4,1,number,n/a
entr_45_CALDO_GALLEGO,6,1,number,n/a
entr_45_CALDO_GALLEGO,TM_h:2,1,number,unit
entr_45_TOMATES_PIMIENTOS_CEBOLLAS_PATATAS_RELLENAS,2,1,number,n/a
entr_46_SOPA_DE_AJO_8,1.6,1,number,n/a
entr_47_ALCACHOFAS_RELLENAS,2,3,number,n/a
entr_47_ALCACHOFAS_RELLENAS,3,1,number,n/a
entr_47_HABLAN_DE_REVISTAS_DE_COCINA,100,1,number,n/a
entr_47_HABLAN_DE_REVISTAS_DE_COCINA,90,1,number,n/a
entr_49_CASAS_DISCOGRAFICAS_8,3,1,number,n/a
entr_49_CASAS_DISCOGRAFICAS_8,4,3,number,n/a
entr_49_CASAS_DISCOGRAFICAS_8,5,1,number,n/a
entr_49_CASAS_DISCOGRAFICAS_8,5000,1,number,n/a
entr_49_CASAS_DISCOGRAFICAS_8,80,3,number,n/a
entr_49_NACE_LA_MOVIDA_6,2,1,number,n/a
entr_49_NACE_LA_MOVIDA_6,75,1,number,n/a
entr_49_NACE_LA_MOVIDA_6,80,2,number,n/a
entr_49_NACE_LA_MOVIDA_6,81,1,number,n/a
entr_49_NACE_LA_MOVIDA_6,82,1,number,n/a
entr_49_NUEVA_OLA_MADRILEÑA_7,2,6,number,n/a
entr_49_NUEVA_OLA_MADRILEÑA_7,3,1,number,n/a
entr_49_NUEVA_OLA_MADRILEÑA_7,80,2,number,n/a
entr_49_NUEVA_OLA_MADRILEÑA_7,82,1,number,n/a
entr_49_NUEVA_OLA_MADRILEÑA_7,83,1,number,n/a
entr_49_NUEVA_OLA_MADRILEÑA_7,85,1,number,n/a
entr_49_NUEVA_OLA_MADRILEÑA_7,86,1,number,n/a
entr_49_SE_ESTABA_GESTANDO_3,2,1,number,n/a
entr_49_SE_ESTABA_GESTANDO_3,75,1,number,n/a
entr_49_SE_ESTABA_GESTANDO_3,77,1,number,n/a
entr_49_SE_ESTABA_GESTANDO_3,78,1,number,n/a
entr_49_TENER_UN_SELLO_5,1000,1,number,n/a
entr_49_TENER_UN_SELLO_5,79,2,number,n/a
entr_49_TENER_UN_SELLO_5,80,1,number,n/a
entr_49_TRIBUS_URBANAS_9,18,1,number,n/a
entr_49_TRIBUS_URBANAS_9,2,3,number,n/a
entr_49_TRIBUS_URBANAS_9,25,1,number,n/a
entr_49_TRIBUS_URBANAS_9,80,2,number,n/a
entr_49_TRIBUS_URBANAS_9,82,1,number,n/a
entr_49_TRIBUS_URBANAS_9,85,1,number,n/a
entr_49_TRIBUS_URBANAS_9,87,3,number,n/a
entr_49_TRIBUS_URBANAS_9,88,2,number,n/a
entr_49_TRIBUS_URBANAS_9,89,2,number,n/a
entr_49_TRIBUS_URBANAS_9,90,1,number,n/a
entr_59_LIBRO_DIDACTICO_5,100,1,number,n/a
entr_59_LIBRO_DIDACTICO_5,20,1,number,n/a
entr_59_LIBRO_DIDACTICO_5,30,1,number,n/a
entr_59_LIBRO_DIDACTICO_5,60000,1,number,n/a
entr_59_LIBRO_DIDACTICO_5,80000,1,number,n/a
entr_59_LIBRO_DIDACTICO_5,40000000,1,number,partitive
entr_59_TERMINO_CONFUSO_1,2,2,number,n/a
entr_59_TERMINO_CONFUSO_1,30,1,number,n/a
entr_59_UN_OFICIO_O_UNA_PROFESION_3,2,1,number,n/a
entr_61_BARATITA_6,100,1,number,n/a
entr_61_BARATITA_6,115,1,number,n/a
entr_61_BARATITA_6,200,1,number,n/a
entr_61_INFLUYE_TODO_3,100,1,number,n/a
entr_61_INFLUYE_TODO_3,50,1,number,n/a
entr_61_INFLUYE_TODO_3,60,1,number,n/a
entr_61_LA_BUSQUEDA_2,30,2,number,n/a
entr_61_LA_QUIERE_DE_CIPRES_5,100,1,number,n/a
entr_61_LA_QUIERE_DE_CIPRES_5,3004,1,number,n/a
entr_61_LA_QUIERE_DE_CIPRES_5,$_ECU:1000,1,number,currency
entr_61_LOS_PRECIOS_DEPENDE_4,14,1,number,n/a
entr_61_LOS_PRECIOS_DEPENDE_4,4,2,number,n/a
entr_61_LOS_PRECIOS_DEPENDE_4,49,1,number,n/a
entr_61_LOS_PRECIOS_DEPENDE_4,$_ECU:200,1,number,currency
entr_61_LOS_PRECIOS_DEPENDE_4,$_ECU:5000,2,number,currency
entr_61_TELÉFONO_Y_CLIENTE_4,100,3,number,n/a
entr_61_TELÉFONO_Y_CLIENTE_4,165,3,number,n/a
entr_61_TELÉFONO_Y_CLIENTE_4,200,1,number,n/a
entr_61_TELÉFONO_Y_CLIENTE_4,40,1,number,n/a
entr_61_TELÉFONO_Y_CLIENTE_4,50,1,number,n/a
entr_61_TELÉFONO_Y_CLIENTE_4,$_ECU:105,1,number,currency
entr_64_DE_TENERIFE_A_ITALIA,2000,2,number,n/a
entr_64_DE_TENERIFE_A_ITALIA,2001,1,number,n/a
entr_64_DE_TENERIFE_A_ITALIA,4,1,number,n/a
entr_64_DE_TENERIFE_A_ITALIA,9,1,number,n/a
entr_64_DE_TENERIFE_A_ITALIA,98,2,number,n/a
entr_64_DE_TENERIFE_A_ITALIA,99,4,number,n/a
entr_64_EN_AGOSTO_DE_PEQUEÑOS,2,1,number,n/a
entr_64_EN_AGOSTO_DE_PEQUEÑOS,3,1,number,n/a
entr_64_EN_AGOSTO_DE_PEQUEÑOS,5,1,number,n/a
entr_64_EN_AGOSTO_DE_PEQUEÑOS,8,1,number,n/a
finp_25_HUMEDADES_DE_LA_JARDINERA,2,3,number,n/a
finp_25_HUMEDADES_DE_LA_JARDINERA,45,1,number,n/a
finp_25_QUE_MORRO,$_ECU:800,1,number,currency
sala_36_SINERGIAS_8,3,1,number,n/a
trab_12_BAJAN_LA_VIGA_QUE_LATA,2,3,number,n/a
trab_12_BAJAN_LA_VIGA_QUE_LATA,45,1,number,n/a
trab_12_BAJAN_LA_VIGA_QUE_LATA,$_ESP:300000,1,number,currency
trab_12_BAJAN_LA_VIGA_QUE_LATA,$_ESP:700000,1,number,currency
trab_12_BAJAN_LA_VIGA_QUE_LATA,TM_min:2,1,number,unit
trab_12_COMO_PEDIR_UN_AUMENTO_DE_SUELDO,10,8,number,n/a
trab_12_COMO_PEDIR_UN_AUMENTO_DE_SUELDO,100,5,number,n/a
trab_12_COMO_PEDIR_UN_AUMENTO_DE_SUELDO,1000,1,number,n/a
trab_12_COMO_PEDIR_UN_AUMENTO_DE_SUELDO,12,1,number,n/a
trab_12_COMO_PEDIR_UN_AUMENTO_DE_SUELDO,15,3,number,n/a
trab_12_COMO_PEDIR_UN_AUMENTO_DE_SUELDO,20,1,number,n/a
trab_12_COMO_PEDIR_UN_AUMENTO_DE_SUELDO,25,3,number,n/a
trab_12_COMO_PEDIR_UN_AUMENTO_DE_SUELDO,3,2,number,n/a
trab_12_COMO_PEDIR_UN_AUMENTO_DE_SUELDO,5,1,number,n/a
trab_12_COMO_PEDIR_UN_AUMENTO_DE_SUELDO,8,2,number,n/a
trab_12_ESCUELA_DE_ARQUITECTOS,0,1,number,n/a
trab_12_ESCUELA_DE_ARQUITECTOS,19,1,number,n/a
trab_12_ESCUELA_DE_ARQUITECTOS,2,1,number,n/a
trab_12_ESCUELA_DE_ARQUITECTOS,6,1,number,n/a
trab_12_ESCUELA_DE_ARQUITECTOS,7,3,number,n/a
trab_12_ESCUELA_DE_ARQUITECTOS,8,1,number,n/a
trab_12_ESCUELA_DE_ARQUITECTOS,TM_min:5,1,number,unit
trab_16_CHICAS,2,2,number,n/a
trab_16_CHICAS,8,1,number,n/a
trab_16_CHICAS,TM_min:10,2,number,unit
trab_16_DONDE_VAN_TUS_FLECHAS_1,5,1,number,n/a
trab_16_LA_JEFA_SABE_LO_QUE_HACE,1000,2,number,n/a
trab_16_LA_JEFA_SABE_LO_QUE_HACE,11,1,number,n/a
trab_16_LA_JEFA_SABE_LO_QUE_HACE,110,1,number,n/a
trab_16_LA_JEFA_SABE_LO_QUE_HACE,17,3,number,n/a
trab_16_LA_JEFA_SABE_LO_QUE_HACE,2,2,number,n/a
trab_16_LA_JEFA_SABE_LO_QUE_HACE,200,2,number,n/a
trab_16_LA_JEFA_SABE_LO_QUE_HACE,3,1,number,n/a
trab_16_LA_JEFA_SABE_LO_QUE_HACE,4,2,number,n/a
trab_16_LA_JEFA_SABE_LO_QUE_HACE,400,1,number,n/a
trab_16_LA_JEFA_SABE_LO_QUE_HACE,5,1,number,n/a
trab_16_LA_JEFA_SABE_LO_QUE_HACE,6,2,number,n/a
trab_16_LA_JEFA_SABE_LO_QUE_HACE,68,1,number,n/a
trab_16_LA_JEFA_SABE_LO_QUE_HACE,7,2,number,n/a
trab_16_LA_JEFA_SABE_LO_QUE_HACE,9,1,number,n/a
trab_16_LA_JEFA_SABE_LO_QUE_HACE,$_ESP:1000,1,number,currency
trab_16_LA_JEFA_SABE_LO_QUE_HACE,$_ESP:120000,1,number,currency
trab_16_LA_JEFA_SABE_LO_QUE_HACE,$_ESP:400000,1,number,currency
trab_16_SOBRE_PAQUETES_3,250,1,number,n/a
trab_16_SOBRE_PAQUETES_3,TM_d:4,1,number,unit
trab_68_DE_LUNES_A_VIERNES_7,12,3,number,n/a
trab_68_DE_LUNES_A_VIERNES_7,6,1,number,n/a
trab_68_DE_LUNES_A_VIERNES_7,7,1,number,n/a
trab_68_DE_LUNES_A_VIERNES_7,8,1,number,n/a
trab_68_DE_LUNES_A_VIERNES_7,9,4,number,n/a
trab_68_DE_LUNES_A_VIERNES_7,TM_d:5,1,number,unit
trab_68_DE_LUNES_A_VIERNES_7,TM_h:20,1,number,unit
