aula_10_LO_QUE_HEMOS_HECHO,uno,6,determiner,indefinite,n/a,masculine,singular,n/a
aula_10_ORDENADOR_DE_TRES_FUNCIONES,vuestro,1,determiner,possessive,n/a,masculine,singular,plural
aula_10_ORDENADOR_DE_TRES_FUNCIONES,vuestro,1,determiner,possessive,n/a,masculine,singular,plural
aula_10_ORDENADOR_DE_TRES_FUNCIONES,vuestro,1,determiner,possessive,n/a,masculine,singular,plural
aula_10_ORDENADOR_DE_TRES_FUNCIONES,vuestro,1,determiner,possessive,n/a,masculine,singular,plural
aula_10_SIN_SABER_PARA_LO_QUE_SIRVE,su,1,determiner,possessive,n/a,common,plural,invariable
aula_10_SIN_SABER_PARA_LO_QUE_SIRVE,su,1,determiner,possessive,n/a,common,plural,invariable
aula_10_SIN_SABER_PARA_LO_QUE_SIRVE,su,1,determiner,possessive,n/a,common,plural,invariable
aula_20_EXPONE_DOAA,su,2,determiner,possessive,n/a,common,singular,invariable
aula_20_EXPONE_DOAA,su,2,determiner,possessive,n/a,common,singular,invariable
aula_20_EXPONE_DOAA,su,2,determiner,possessive,n/a,common,singular,invariable
aula_20_EXPONE_DOAA,su,2,determiner,possessive,n/a,common,singular,invariable
aula_20_EXPONE_DOAA,su,2,determiner,possessive,n/a,common,singular,invariable
aula_20_FALTAS_TU_Y_TRABAJAR_EN_ESTO,todo,1,determiner,indefinite,n/a,masculine,singular,n/a
aula_20_FALTAS_TU_Y_TRABAJAR_EN_ESTO,todo,1,determiner,indefinite,n/a,masculine,singular,n/a
aula_20_FALTAS_TU_Y_TRABAJAR_EN_ESTO,todo,1,determiner,indefinite,n/a,masculine,singular,n/a
aula_20_FALTAS_TU_Y_TRABAJAR_EN_ESTO,todo,1,determiner,indefinite,n/a,masculine,singular,n/a
aula_20_SE_PRESENTA_ANA_Y_CORPUS,nuestro,1,determiner,possessive,n/a,masculine,singular,plural
aula_20_SE_PRESENTA_ANA_Y_CORPUS,nuestro,1,determiner,possessive,n/a,masculine,singular,plural
aula_20_SE_PRESENTA_ANA_Y_CORPUS,nuestro,1,determiner,possessive,n/a,masculine,singular,plural
aula_20_SE_PRESENTA_ANA_Y_CORPUS,nuestro,1,determiner,possessive,n/a,masculine,singular,plural
aula_20_SE_PRESENTA_ANA_Y_CORPUS,nuestro,1,determiner,possessive,n/a,masculine,singular,plural
aula_20_SE_PRESENTA_LEO,su,1,determiner,possessive,n/a,common,singular,invariable
aula_20_SE_PRESENTA_LEO,su,1,determiner,possessive,n/a,common,singular,invariable
aula_20_SE_PRESENTA_LEO,su,1,determiner,possessive,n/a,common,singular,invariable
aula_20_SE_PRESENTA_LEO,su,1,determiner,possessive,n/a,common,singular,invariable
aula_20_SOBRE_EL_MARCO,uno,3,determiner,indefinite,n/a,masculine,singular,n/a
aula_20_SOBRE_EL_MARCO,uno,3,determiner,indefinite,n/a,masculine,singular,n/a
aula_20_SOBRE_EL_MARCO,uno,3,determiner,indefinite,n/a,masculine,singular,n/a
aula_20_SOBRE_EL_MARCO,uno,3,determiner,indefinite,n/a,masculine,singular,n/a
char_48_NO_TUVO_DUDAS_1,su,1,determiner,possessive,n/a,common,singular,invariable
char_48_NO_TUVO_DUDAS_1,su,1,determiner,possessive,n/a,common,singular,invariable
char_48_NO_TUVO_DUDAS_1,su,1,determiner,possessive,n/a,common,singular,invariable
char_48_NO_TUVO_DUDAS_1,su,1,determiner,possessive,n/a,common,singular,invariable
char_48_NO_TUVO_DUDAS_1,su,1,determiner,possessive,n/a,common,singular,invariable
char_48_SOMOS_2,uno,6,determiner,indefinite,evaluative,masculine,singular,n/a
char_48_SOMOS_2,uno,6,determiner,indefinite,evaluative,masculine,singular,n/a
char_58_DESAMORTIZACION_8,uno,4,determiner,indefinite,n/a,masculine,singular,n/a
char_58_DESAMORTIZACION_8,uno,4,determiner,indefinite,n/a,masculine,singular,n/a
char_58_FUNDACION_DEL_PAULAR_1,su,6,determiner,possessive,n/a,common,singular,invariable
char_60_AMENABAR_FRENTE_A_ALMODOVAR_6,su,2,determiner,possessive,n/a,common,singular,invariable
char_60_AMENABAR_FRENTE_A_ALMODOVAR_6,su,2,determiner,possessive,n/a,common,singular,invariable
char_60_AMENABAR_FRENTE_A_ALMODOVAR_6,su,2,determiner,possessive,n/a,common,singular,invariable
char_60_AMENABAR_FRENTE_A_ALMODOVAR_6,su,2,determiner,possessive,n/a,common,singular,invariable
char_60_AMENABAR_FRENTE_A_ALMODOVAR_6,su,2,determiner,possessive,n/a,common,singular,invariable
char_60_BERLANGA_8,su,3,determiner,possessive,superlative,common,singular,invariable
char_60_BERLANGA_8,su,3,determiner,possessive,superlative,common,singular,invariable
char_60_BERLANGA_8,su,3,determiner,possessive,superlative,common,singular,invariable
char_60_BERLANGA_8,su,3,determiner,possessive,superlative,common,singular,invariable
char_60_CINE_COMO_INDUSTRIA_7,su,2,determiner,possessive,n/a,common,singular,invariable
char_60_CINE_COMO_INDUSTRIA_7,su,2,determiner,possessive,n/a,common,singular,invariable
char_60_CINE_COMO_INDUSTRIA_7,su,2,determiner,possessive,n/a,common,singular,invariable
char_60_CINE_COMO_INDUSTRIA_7,su,2,determiner,possessive,n/a,common,singular,invariable
char_60_CINE_COMO_INDUSTRIA_7,su,2,determiner,possessive,n/a,common,singular,invariable
char_60_HISTORIAS_4,su,1,determiner,possessive,n/a,common,singular,invariable
char_60_HISTORIAS_4,su,1,determiner,possessive,n/a,common,singular,invariable
char_60_HISTORIAS_4,su,1,determiner,possessive,n/a,common,singular,invariable
char_60_HISTORIAS_4,su,1,determiner,possessive,n/a,common,singular,invariable
char_60_HISTORIAS_4,su,1,determiner,possessive,n/a,common,singular,invariable
char_60_PRIMERAS_BUENAS_PELICULAS_11,su,3,determiner,possessive,superlative,common,singular,invariable
char_60_PRIMERAS_BUENAS_PELICULAS_11,su,3,determiner,possessive,superlative,common,singular,invariable
char_60_PRIMERAS_BUENAS_PELICULAS_11,su,3,determiner,possessive,superlative,common,singular,invariable
char_60_PRIMERAS_BUENAS_PELICULAS_11,su,3,determiner,possessive,superlative,common,singular,invariable
char_67_VALORES_Y_ENTRENADORES_11,su,1,determiner,possessive,n/a,common,singular,invariable
char_67_VALORES_Y_ENTRENADORES_11,su,1,determiner,possessive,n/a,common,singular,invariable
char_67_VALORES_Y_ENTRENADORES_11,su,1,determiner,possessive,n/a,common,singular,invariable
char_67_VALORES_Y_ENTRENADORES_11,su,1,determiner,possessive,n/a,common,singular,invariable
char_67_VALORES_Y_ENTRENADORES_11,su,1,determiner,possessive,n/a,common,singular,invariable
char_67_VALORES_Y_ENTRENADORES_11,su,1,determiner,possessive,n/a,common,singular,invariable
char_67_VALORES_Y_ENTRENADORES_11,su,1,determiner,possessive,n/a,common,singular,invariable
char_72_ROJO_TELAS_2,uno,7,determiner,indefinite,n/a,masculine,singular,n/a
char_72_ROJO_TELAS_2,uno,7,determiner,indefinite,n/a,masculine,singular,n/a
char_72_ROJO_TELAS_2,uno,7,determiner,indefinite,n/a,masculine,singular,n/a
char_72_ROJO_TELAS_2,uno,7,determiner,indefinite,n/a,masculine,singular,n/a
char_72_TOILES_3,su,3,determiner,possessive,n/a,common,singular,invariable
char_72_TOILES_3,su,3,determiner,possessive,n/a,common,singular,invariable
char_72_TOILES_3,su,3,determiner,possessive,n/a,common,singular,invariable
char_72_TOILES_3,su,3,determiner,possessive,n/a,common,singular,invariable
char_72_TOILES_3,su,3,determiner,possessive,n/a,common,singular,invariable
conv_01_ABREN_LOS_REGALOS_1,su,1,determiner,possessive,superlative,common,singular,invariable
conv_01_ABREN_LOS_REGALOS_1,su,1,determiner,possessive,superlative,common,singular,invariable
conv_01_ABREN_LOS_REGALOS_1,su,1,determiner,possessive,superlative,common,singular,invariable
conv_01_ABREN_LOS_REGALOS_1,su,1,determiner,possessive,superlative,common,singular,invariable
conv_01_ABREN_LOS_REGALOS_1,su,1,determiner,possessive,superlative,common,singular,invariable
conv_01_ABREN_LOS_REGALOS_1,su,1,determiner,possessive,superlative,common,singular,invariable
conv_01_ABREN_LOS_REGALOS_1,su,1,determiner,possessive,superlative,common,singular,invariable
conv_01_CABRITO_5,su,1,determiner,possessive,n/a,common,singular,invariable
conv_01_CABRITO_5,su,1,determiner,possessive,n/a,common,singular,invariable
conv_01_CABRITO_5,su,1,determiner,possessive,n/a,common,singular,invariable
conv_01_CABRITO_5,su,1,determiner,possessive,n/a,common,singular,invariable
conv_01_CABRITO_5,su,1,determiner,possessive,n/a,common,singular,invariable
conv_01_CABRITO_5,su,1,determiner,possessive,n/a,common,singular,invariable
conv_01_CON_GALLUMBOS_2,tu,1,determiner,possessive,evaluative,common,singular,singular
conv_01_CON_GALLUMBOS_2,tu,1,determiner,possessive,evaluative,common,singular,singular
conv_01_CON_GALLUMBOS_2,tu,1,determiner,possessive,evaluative,common,singular,singular
conv_01_CON_GALLUMBOS_2,tu,1,determiner,possessive,evaluative,common,singular,singular
conv_01_CON_GALLUMBOS_2,tu,1,determiner,possessive,evaluative,common,singular,singular
conv_01_CON_GALLUMBOS_2,tu,1,determiner,possessive,evaluative,common,singular,singular
conv_01_ETIQUETAS_4,tu,1,determiner,possessive,n/a,common,singular,singular
conv_01_ETIQUETAS_4,tu,1,determiner,possessive,n/a,common,singular,singular
conv_01_ETIQUETAS_4,tu,1,determiner,possessive,n/a,common,singular,singular
conv_01_ETIQUETAS_4,tu,1,determiner,possessive,n/a,common,singular,singular
conv_01_ETIQUETAS_4,tu,1,determiner,possessive,n/a,common,singular,singular
conv_01_ETIQUETAS_4,tu,1,determiner,possessive,n/a,common,singular,singular
conv_01_MADRID_PUERTO_DE_MAR_3,mi,1,determiner,possessive,n/a,common,singular,singular
conv_01_MADRID_PUERTO_DE_MAR_3,mi,1,determiner,possessive,n/a,common,singular,singular
conv_01_MADRID_PUERTO_DE_MAR_3,mi,1,determiner,possessive,n/a,common,singular,singular
conv_01_MADRID_PUERTO_DE_MAR_3,mi,1,determiner,possessive,n/a,common,singular,singular
conv_01_MADRID_PUERTO_DE_MAR_3,mi,1,determiner,possessive,n/a,common,singular,singular
conv_01_MADRID_PUERTO_DE_MAR_3,mi,1,determiner,possessive,n/a,common,singular,singular
conv_01_MADRID_PUERTO_DE_MAR_3,mi,1,determiner,possessive,n/a,common,singular,singular
conv_01_MALA_NOCHE_6,tu,1,determiner,possessive,n/a,common,singular,singular
conv_01_MALA_NOCHE_6,tu,1,determiner,possessive,n/a,common,singular,singular
conv_01_MALA_NOCHE_6,tu,1,determiner,possessive,n/a,common,singular,singular
conv_01_MALA_NOCHE_6,tu,1,determiner,possessive,n/a,common,singular,singular
conv_01_MALA_NOCHE_6,tu,1,determiner,possessive,n/a,common,singular,singular
conv_01_QUE_REGALAR_5,tu,1,determiner,possessive,n/a,common,plural,singular
conv_01_QUE_REGALAR_5,tu,1,determiner,possessive,n/a,common,plural,singular
conv_01_QUE_REGALAR_5,tu,1,determiner,possessive,n/a,common,plural,singular
conv_02_MONARPUBLICA,uno,9,determiner,indefinite,n/a,masculine,singular,n/a
conv_02_MONARPUBLICA,uno,9,determiner,indefinite,n/a,masculine,singular,n/a
conv_02_MONARPUBLICA,uno,9,determiner,indefinite,n/a,masculine,singular,n/a
conv_02_MONARPUBLICA,uno,9,determiner,indefinite,n/a,masculine,singular,n/a
conv_02_MONARPUBLICA,uno,9,determiner,indefinite,n/a,masculine,singular,n/a
conv_02_MONARPUBLICA,uno,9,determiner,indefinite,n/a,masculine,singular,n/a
conv_03_CONFIO,su,1,determiner,possessive,n/a,common,singular,invariable
conv_03_CONFIO,su,1,determiner,possessive,n/a,common,singular,invariable
conv_03_CONFIO,su,1,determiner,possessive,n/a,common,singular,invariable
conv_03_CONFIO,su,1,determiner,possessive,n/a,common,singular,invariable
conv_03_CONFIO,su,1,determiner,possessive,n/a,common,singular,invariable
conv_03_CONFIO,su,1,determiner,possessive,n/a,common,singular,invariable
conv_03_ECONOMIA_DOMESTICA,tu,1,determiner,possessive,superlative,common,plural,singular
conv_03_ECONOMIA_DOMESTICA,tu,1,determiner,possessive,superlative,common,plural,singular
conv_03_ECONOMIA_DOMESTICA,tu,1,determiner,possessive,superlative,common,plural,singular
conv_03_ECONOMIA_DOMESTICA,tu,1,determiner,possessive,superlative,common,plural,singular
conv_03_ECONOMIA_DOMESTICA,tu,1,determiner,possessive,superlative,common,plural,singular
conv_03_ECONOMIA_DOMESTICA,tu,1,determiner,possessive,superlative,common,plural,singular
conv_03_ECONOMIA_DOMESTICA,tu,1,determiner,possessive,superlative,common,plural,singular
conv_03_ESTAMOS_AQUI_POR_UNA_COINCIDENCIA,su,2,determiner,possessive,evaluative,common,singular,invariable
conv_03_ESTAMOS_AQUI_POR_UNA_COINCIDENCIA,su,2,determiner,possessive,evaluative,common,singular,invariable
conv_03_ESTAMOS_AQUI_POR_UNA_COINCIDENCIA,su,2,determiner,possessive,evaluative,common,singular,invariable
conv_03_ESTAMOS_AQUI_POR_UNA_COINCIDENCIA,su,2,determiner,possessive,evaluative,common,singular,invariable
conv_03_ESTAMOS_AQUI_POR_UNA_COINCIDENCIA,su,2,determiner,possessive,evaluative,common,singular,invariable
conv_03_ESTAMOS_AQUI_POR_UNA_COINCIDENCIA,su,2,determiner,possessive,evaluative,common,singular,invariable
conv_03_ESTAMOS_AQUI_POR_UNA_COINCIDENCIA,su,2,determiner,possessive,evaluative,common,singular,invariable
conv_03_FOTO,mi,1,determiner,possessive,n/a,common,singular,singular
conv_03_FOTO,mi,1,determiner,possessive,n/a,common,singular,singular
conv_03_FOTO,mi,1,determiner,possessive,n/a,common,singular,singular
conv_03_FOTO,mi,1,determiner,possessive,n/a,common,singular,singular
conv_03_FOTO,mi,1,determiner,possessive,n/a,common,singular,singular
conv_03_FOTO,mi,1,determiner,possessive,n/a,common,singular,singular
conv_03_FOTO,mi,1,determiner,possessive,n/a,common,singular,singular
conv_03_LA_CASA_NUEVA,su,1,determiner,possessive,superlative,common,singular,invariable
conv_03_LA_CASA_NUEVA,su,1,determiner,possessive,superlative,common,singular,invariable
conv_03_LA_CASA_NUEVA,su,1,determiner,possessive,superlative,common,singular,invariable
conv_03_LA_CASA_NUEVA,su,1,determiner,possessive,superlative,common,singular,invariable
conv_03_LA_CASA_NUEVA,su,1,determiner,possessive,superlative,common,singular,invariable
conv_03_LA_CASA_NUEVA,su,1,determiner,possessive,superlative,common,singular,invariable
conv_03_LA_CASA_NUEVA,su,1,determiner,possessive,superlative,common,singular,invariable
conv_03_LATIN_Y_GRIEGO,mi,1,determiner,possessive,n/a,common,singular,singular
conv_03_LATIN_Y_GRIEGO,mi,1,determiner,possessive,n/a,common,singular,singular
conv_03_LATIN_Y_GRIEGO,mi,1,determiner,possessive,n/a,common,singular,singular
conv_03_LATIN_Y_GRIEGO,mi,1,determiner,possessive,n/a,common,singular,singular
conv_03_LATIN_Y_GRIEGO,mi,1,determiner,possessive,n/a,common,singular,singular
conv_03_LATIN_Y_GRIEGO,mi,1,determiner,possessive,n/a,common,singular,singular
conv_03_LATIN_Y_GRIEGO,mi,1,determiner,possessive,n/a,common,singular,singular
conv_03_LATIN_Y_GRIEGO,mi,1,determiner,possessive,n/a,common,singular,singular
conv_03_LO_LABORAL_Y_FAMILIAR,su,1,determiner,possessive,superlative,common,singular,invariable
conv_03_LO_LABORAL_Y_FAMILIAR,su,1,determiner,possessive,superlative,common,singular,invariable
conv_03_LO_LABORAL_Y_FAMILIAR,su,1,determiner,possessive,superlative,common,singular,invariable
conv_03_LO_LABORAL_Y_FAMILIAR,su,1,determiner,possessive,superlative,common,singular,invariable
conv_03_LO_LABORAL_Y_FAMILIAR,su,1,determiner,possessive,superlative,common,singular,invariable
conv_03_LO_LABORAL_Y_FAMILIAR,su,1,determiner,possessive,superlative,common,singular,invariable
conv_03_LO_QUE_NO_QUERIA_Y_EMBARAZADA,tu,5,determiner,possessive,n/a,common,singular,singular
conv_03_LO_QUE_NO_QUERIA_Y_EMBARAZADA,tu,5,determiner,possessive,n/a,common,singular,singular
conv_03_LO_QUE_NO_QUERIA_Y_EMBARAZADA,tu,5,determiner,possessive,n/a,common,singular,singular
conv_03_LO_QUE_NO_QUERIA_Y_EMBARAZADA,tu,5,determiner,possessive,n/a,common,singular,singular
conv_03_LO_QUE_NO_QUERIA_Y_EMBARAZADA,tu,5,determiner,possessive,n/a,common,singular,singular
conv_03_LO_QUE_NO_QUERIA_Y_EMBARAZADA,tu,5,determiner,possessive,n/a,common,singular,singular
conv_03_LO_QUE_NO_QUERIA_Y_EMBARAZADA,tu,5,determiner,possessive,n/a,common,singular,singular
conv_03_NO_TENGO_SOLTURA,uno,7,determiner,indefinite,n/a,masculine,singular,n/a
conv_03_NO_TENGO_SOLTURA,uno,7,determiner,indefinite,n/a,masculine,singular,n/a
conv_03_NO_TENGO_SOLTURA,uno,7,determiner,indefinite,n/a,masculine,singular,n/a
conv_03_NO_TENGO_SOLTURA,uno,7,determiner,indefinite,n/a,masculine,singular,n/a
conv_03_NO_TENGO_SOLTURA,uno,7,determiner,indefinite,n/a,masculine,singular,n/a
conv_03_NO_TENGO_SOLTURA,uno,7,determiner,indefinite,n/a,masculine,singular,n/a
conv_03_NO_TENGO_SOLTURA,uno,7,determiner,indefinite,n/a,masculine,singular,n/a
conv_03_PROFE_DE_HISTORIA,uno,3,determiner,indefinite,n/a,masculine,singular,n/a
conv_03_PROFE_DE_HISTORIA,uno,3,determiner,indefinite,n/a,masculine,singular,n/a
conv_03_PROFE_DE_HISTORIA,uno,3,determiner,indefinite,n/a,masculine,singular,n/a
conv_03_PROFE_DE_HISTORIA,uno,3,determiner,indefinite,n/a,masculine,singular,n/a
conv_03_PROFE_DE_LITERATURA,su,4,determiner,possessive,n/a,common,plural,invariable
conv_03_PROFE_DE_LITERATURA,su,4,determiner,possessive,n/a,common,plural,invariable
conv_03_PROFE_DE_LITERATURA,su,4,determiner,possessive,n/a,common,plural,invariable
conv_03_PROFE_DE_MATE,tu,1,determiner,possessive,superlative,common,plural,singular
conv_03_PROFE_DE_MATE,tu,1,determiner,possessive,superlative,common,plural,singular
conv_03_PROFE_DE_MATE,tu,1,determiner,possessive,superlative,common,plural,singular
conv_03_PROFE_DE_MATE,tu,1,determiner,possessive,superlative,common,plural,singular
conv_03_PROFE_DE_MATE,tu,1,determiner,possessive,superlative,common,plural,singular
conv_03_PROFE_DE_MATE,tu,1,determiner,possessive,superlative,common,plural,singular
conv_03_PUEDO_FRACASAR,mi,1,determiner,possessive,n/a,common,plural,singular
conv_03_PUEDO_FRACASAR,mi,1,determiner,possessive,n/a,common,plural,singular
conv_03_PUEDO_FRACASAR,mi,1,determiner,possessive,n/a,common,plural,singular
conv_03_SIN_OMBLIGO_Y_EL_CURA,uno,8,determiner,indefinite,n/a,masculine,singular,n/a
conv_03_SIN_OMBLIGO_Y_EL_CURA,uno,8,determiner,indefinite,n/a,masculine,singular,n/a
conv_03_SIN_OMBLIGO_Y_EL_CURA,uno,8,determiner,indefinite,n/a,masculine,singular,n/a
conv_03_SIN_OMBLIGO_Y_EL_CURA,uno,8,determiner,indefinite,n/a,masculine,singular,n/a
conv_03_SIN_OMBLIGO_Y_EL_CURA,uno,8,determiner,indefinite,n/a,masculine,singular,n/a
conv_03_SIN_OMBLIGO_Y_EL_CURA,uno,8,determiner,indefinite,n/a,masculine,singular,n/a
conv_03_TRABAJO_EN_LA_ADMINISTRACION,uno,3,determiner,indefinite,n/a,masculine,singular,n/a
conv_03_TRABAJO_EN_LA_ADMINISTRACION,uno,3,determiner,indefinite,n/a,masculine,singular,n/a
conv_03_TRABAJO_EN_LA_ADMINISTRACION,uno,3,determiner,indefinite,n/a,masculine,singular,n/a
conv_03_TRABAJO_EN_LA_ADMINISTRACION,uno,3,determiner,indefinite,n/a,masculine,singular,n/a
conv_03_TRABAJO_EN_LA_ADMINISTRACION,uno,3,determiner,indefinite,n/a,masculine,singular,n/a
conv_03_TRABAJO_EN_LA_ADMINISTRACION,uno,3,determiner,indefinite,n/a,masculine,singular,n/a
conv_03_TRABAJO_TODOS_LOS_DIAS,uno,1,determiner,indefinite,n/a,masculine,singular,n/a
conv_03_TRABAJO_TODOS_LOS_DIAS,uno,1,determiner,indefinite,n/a,masculine,singular,n/a
conv_03_TRABAJO_TODOS_LOS_DIAS,uno,1,determiner,indefinite,n/a,masculine,singular,n/a
conv_03_TRABAJO_TODOS_LOS_DIAS,uno,1,determiner,indefinite,n/a,masculine,singular,n/a
conv_03_TRABAJO_TODOS_LOS_DIAS,uno,1,determiner,indefinite,n/a,masculine,singular,n/a
conv_03_TRANSCRIBIR_8,mi,2,determiner,possessive,superlative,common,singular,singular
conv_03_TRANSCRIBIR_8,mi,2,determiner,possessive,superlative,common,singular,singular
conv_03_TRANSCRIBIR_8,mi,2,determiner,possessive,superlative,common,singular,singular
conv_03_UNA_CHIQUITA_JAPONESA,su,4,determiner,possessive,superlative,common,singular,invariable
conv_03_UNA_CHIQUITA_JAPONESA,su,4,determiner,possessive,superlative,common,singular,invariable
conv_03_UNA_CHIQUITA_JAPONESA,su,4,determiner,possessive,superlative,common,singular,invariable
conv_03_UNA_CHIQUITA_JAPONESA,su,4,determiner,possessive,superlative,common,singular,invariable
conv_03_UNA_CHIQUITA_JAPONESA,su,4,determiner,possessive,superlative,common,singular,invariable
conv_03_VIGILADA,su,1,determiner,possessive,n/a,common,singular,invariable
conv_03_VIGILADA,su,1,determiner,possessive,n/a,common,singular,invariable
conv_03_VIGILADA,su,1,determiner,possessive,n/a,common,singular,invariable
conv_03_VIGILADA,su,1,determiner,possessive,n/a,common,singular,invariable
conv_03_VIGILADA,su,1,determiner,possessive,n/a,common,singular,invariable
conv_04_ANARIZADO,ese,1,determiner,demonstrative,evaluative,masculine,singular,n/a
conv_04_ANARIZADO,ese,1,determiner,demonstrative,evaluative,masculine,singular,n/a
conv_04_ANARIZADO,ese,1,determiner,demonstrative,evaluative,masculine,singular,n/a
conv_04_ANARIZADO,ese,1,determiner,demonstrative,evaluative,masculine,singular,n/a
conv_04_COME_CON_LA_BOCA_CERRADA,mi,2,determiner,possessive,n/a,common,singular,singular
conv_04_COME_CON_LA_BOCA_CERRADA,mi,2,determiner,possessive,n/a,common,singular,singular
conv_04_COME_CON_LA_BOCA_CERRADA,mi,2,determiner,possessive,n/a,common,singular,singular
conv_04_COME_CON_LA_BOCA_CERRADA,mi,2,determiner,possessive,n/a,common,singular,singular
conv_04_COME_CON_LA_BOCA_CERRADA,mi,2,determiner,possessive,n/a,common,singular,singular
conv_04_COME_CON_LA_BOCA_CERRADA,mi,2,determiner,possessive,n/a,common,singular,singular
conv_04_COME_CON_LA_BOCA_CERRADA,mi,2,determiner,possessive,n/a,common,singular,singular
conv_04_COME_CON_LA_BOCA_CERRADA,mi,2,determiner,possessive,n/a,common,singular,singular
conv_04_HACIENDO_UNA_CARTA,uno,1,determiner,indefinite,evaluative,masculine,singular,n/a
conv_04_HACIENDO_UNA_CARTA,uno,1,determiner,indefinite,evaluative,masculine,singular,n/a
conv_04_HACIENDO_UNA_CARTA,uno,1,determiner,indefinite,evaluative,masculine,singular,n/a
conv_04_HACIENDO_UNA_CARTA,uno,1,determiner,indefinite,evaluative,masculine,singular,n/a
conv_04_HACIENDO_UNA_CARTA,uno,1,determiner,indefinite,evaluative,masculine,singular,n/a
conv_04_HACIENDO_UNA_CARTA,uno,1,determiner,indefinite,evaluative,masculine,singular,n/a
conv_04_HACIENDO_UNA_CARTA,uno,1,determiner,indefinite,evaluative,masculine,singular,n/a
conv_04_LE_HA_DICHO_LA_PROFE,tu,1,determiner,possessive,n/a,common,singular,singular
conv_04_LE_HA_DICHO_LA_PROFE,tu,1,determiner,possessive,n/a,common,singular,singular
conv_04_LE_HA_DICHO_LA_PROFE,tu,1,determiner,possessive,n/a,common,singular,singular
conv_04_LE_HA_DICHO_LA_PROFE,tu,1,determiner,possessive,n/a,common,singular,singular
conv_04_LE_HA_DICHO_LA_PROFE,tu,1,determiner,possessive,n/a,common,singular,singular
conv_05_ESTAS_GRABANDO,tu,1,determiner,possessive,n/a,common,singular,singular
conv_05_ESTAS_GRABANDO,tu,1,determiner,possessive,n/a,common,singular,singular
conv_05_ESTAS_GRABANDO,tu,1,determiner,possessive,n/a,common,singular,singular
conv_06_PAREJAS_ABIERTAS,su,7,determiner,possessive,superlative,common,singular,invariable
conv_06_PAREJAS_ABIERTAS,su,7,determiner,possessive,superlative,common,singular,invariable
conv_06_PAREJAS_ABIERTAS,su,7,determiner,possessive,superlative,common,singular,invariable
conv_06_PAREJAS_ABIERTAS,su,7,determiner,possessive,superlative,common,singular,invariable
conv_06_PAREJAS_ABIERTAS,su,7,determiner,possessive,superlative,common,singular,invariable
conv_06_PAREJAS_ABIERTAS,su,7,determiner,possessive,superlative,common,singular,invariable
conv_06_PAREJAS_ABIERTAS,su,7,determiner,possessive,superlative,common,singular,invariable
conv_06_PAREJAS_ABIERTAS,su,7,determiner,possessive,superlative,common,singular,invariable
conv_06_PAREJAS_ABIERTAS,su,7,determiner,possessive,superlative,common,singular,invariable
conv_07_LLEGA_DE_LA_CONFERENCIA,tu,4,determiner,possessive,n/a,common,singular,singular
conv_07_LLEGA_DE_LA_CONFERENCIA,tu,4,determiner,possessive,n/a,common,singular,singular
conv_07_LLEGA_DE_LA_CONFERENCIA,tu,4,determiner,possessive,n/a,common,singular,singular
conv_07_LLEGA_DE_LA_CONFERENCIA,tu,4,determiner,possessive,n/a,common,singular,singular
conv_07_LLEGA_DE_LA_CONFERENCIA,tu,4,determiner,possessive,n/a,common,singular,singular
conv_07_LLEGA_DE_LA_CONFERENCIA,tu,4,determiner,possessive,n/a,common,singular,singular
conv_08_DESPEDIDA,vuestro,1,determiner,possessive,n/a,feminine,singular,plural
conv_08_DESPEDIDA,vuestro,1,determiner,possessive,n/a,feminine,singular,plural
conv_08_DESPEDIDA,vuestro,1,determiner,possessive,n/a,feminine,singular,plural
conv_08_DESPEDIDA,vuestro,1,determiner,possessive,n/a,feminine,singular,plural
conv_08_DESPEDIDA,vuestro,1,determiner,possessive,n/a,feminine,singular,plural
conv_08_FUMAR_SOLO,su,2,determiner,possessive,evaluative,common,singular,invariable
conv_08_FUMAR_SOLO,su,2,determiner,possessive,evaluative,common,singular,invariable
conv_08_FUMAR_SOLO,su,2,determiner,possessive,evaluative,common,singular,invariable
conv_08_FUMAR_SOLO,su,2,determiner,possessive,evaluative,common,singular,invariable
conv_08_FUMAR_SOLO,su,2,determiner,possessive,evaluative,common,singular,invariable
conv_08_FUMAR_SOLO,su,2,determiner,possessive,evaluative,common,singular,invariable
conv_08_FUMAR_SOLO,su,2,determiner,possessive,evaluative,common,singular,invariable
conv_08_FUMAR_SOLO,su,2,determiner,possessive,evaluative,common,singular,invariable
conv_08_FUMAR_SOLO,su,2,determiner,possessive,evaluative,common,singular,invariable
conv_08_OPERACION_MUY_COMPLICADA,su,1,determiner,possessive,superlative,common,singular,invariable
conv_08_OPERACION_MUY_COMPLICADA,su,1,determiner,possessive,superlative,common,singular,invariable
conv_08_OPERACION_MUY_COMPLICADA,su,1,determiner,possessive,superlative,common,singular,invariable
conv_08_OPERACION_MUY_COMPLICADA,su,1,determiner,possessive,superlative,common,singular,invariable
conv_08_OPERACION_MUY_COMPLICADA,su,1,determiner,possessive,superlative,common,singular,invariable
conv_08_OPERACION_MUY_COMPLICADA,su,1,determiner,possessive,superlative,common,singular,invariable
conv_08_OPERACION_MUY_COMPLICADA,su,1,determiner,possessive,superlative,common,singular,invariable
conv_08_OPERACION_MUY_COMPLICADA,su,1,determiner,possessive,superlative,common,singular,invariable
conv_11_LOS_NACIONALISMOS_DEL_XIX_12,su,1,determiner,possessive,superlative,common,singular,invariable
conv_11_LOS_NACIONALISMOS_DEL_XIX_12,su,1,determiner,possessive,superlative,common,singular,invariable
conv_11_LOS_NACIONALISMOS_DEL_XIX_12,su,1,determiner,possessive,superlative,common,singular,invariable
conv_11_LOS_NACIONALISMOS_DEL_XIX_12,su,1,determiner,possessive,superlative,common,singular,invariable
conv_11_REIVINDICAR_AL_ANDALUS,su,1,determiner,possessive,n/a,common,singular,invariable
conv_11_REIVINDICAR_AL_ANDALUS,su,1,determiner,possessive,n/a,common,singular,invariable
conv_11_REIVINDICAR_AL_ANDALUS,su,1,determiner,possessive,n/a,common,singular,invariable
conv_11_REIVINDICAR_AL_ANDALUS,su,1,determiner,possessive,n/a,common,singular,invariable
conv_11_REIVINDICAR_AL_ANDALUS,su,1,determiner,possessive,n/a,common,singular,invariable
conv_11_TODAS_LAS_TALLAS,uno,3,determiner,indefinite,evaluative,masculine,singular,n/a
conv_11_TODAS_LAS_TALLAS,uno,3,determiner,indefinite,evaluative,masculine,singular,n/a
conv_11_TODAS_LAS_TALLAS,uno,3,determiner,indefinite,evaluative,masculine,singular,n/a
conv_11_TODAS_LAS_TALLAS,uno,3,determiner,indefinite,evaluative,masculine,singular,n/a
conv_11_TODAS_LAS_TALLAS,uno,3,determiner,indefinite,evaluative,masculine,singular,n/a
conv_11_TODAS_LAS_TALLAS,uno,3,determiner,indefinite,evaluative,masculine,singular,n/a
conv_11_TODAS_LAS_TALLAS,uno,3,determiner,indefinite,evaluative,masculine,singular,n/a
conv_11_TODAS_LAS_TALLAS,uno,3,determiner,indefinite,evaluative,masculine,singular,n/a
conv_11_YO_RAJO_MUCHISIMO,su,2,determiner,possessive,n/a,common,singular,invariable
conv_11_YO_RAJO_MUCHISIMO,su,2,determiner,possessive,n/a,common,singular,invariable
conv_11_YO_RAJO_MUCHISIMO,su,2,determiner,possessive,n/a,common,singular,invariable
conv_11_YO_RAJO_MUCHISIMO,su,2,determiner,possessive,n/a,common,singular,invariable
conv_11_YO_RAJO_MUCHISIMO,su,2,determiner,possessive,n/a,common,singular,invariable
conv_11_YO_RAJO_MUCHISIMO,su,2,determiner,possessive,n/a,common,singular,invariable
conv_13_EL_LATIN,su,1,determiner,possessive,n/a,common,plural,invariable
conv_13_EL_LATIN,su,1,determiner,possessive,n/a,common,plural,invariable
conv_13_EL_LATIN,su,1,determiner,possessive,n/a,common,plural,invariable
conv_13_EL_LATIN,su,1,determiner,possessive,n/a,common,plural,invariable
conv_13_EL_LATIN,su,1,determiner,possessive,n/a,common,plural,invariable
conv_13_EL_LATIN,su,1,determiner,possessive,n/a,common,plural,invariable
conv_13_FAMILIARES_EN_MORA,su,5,determiner,possessive,n/a,common,singular,invariable
conv_13_FAMILIARES_EN_MORA,su,5,determiner,possessive,n/a,common,singular,invariable
conv_13_FAMILIARES_EN_MORA,su,5,determiner,possessive,n/a,common,singular,invariable
conv_13_FAMILIARES_EN_MORA,su,5,determiner,possessive,n/a,common,singular,invariable
conv_13_FAMILIARES_EN_MORA,su,5,determiner,possessive,n/a,common,singular,invariable
conv_14_EL_MADRID_DE_LA_EPOCA,uno,1,determiner,indefinite,n/a,feminine,singular,n/a
conv_14_EL_MADRID_DE_LA_EPOCA,uno,1,determiner,indefinite,n/a,feminine,singular,n/a
conv_14_EL_MADRID_DE_LA_EPOCA,uno,1,determiner,indefinite,n/a,feminine,singular,n/a
conv_14_EL_MADRID_DE_LA_EPOCA,uno,1,determiner,indefinite,n/a,feminine,singular,n/a
conv_14_EL_MADRID_DE_LA_EPOCA,uno,1,determiner,indefinite,n/a,feminine,singular,n/a
conv_14_MI_TATARABUELA,tu,3,determiner,possessive,evaluative,common,singular,singular
conv_14_MI_TATARABUELA,tu,3,determiner,possessive,evaluative,common,singular,singular
conv_14_MI_TATARABUELA,tu,3,determiner,possessive,evaluative,common,singular,singular
conv_14_MI_TATARABUELA,tu,3,determiner,possessive,evaluative,common,singular,singular
conv_18_CAMION_CHINO_ME_VOY,tu,2,determiner,possessive,n/a,common,singular,singular
conv_18_CAMION_CHINO_ME_VOY,tu,2,determiner,possessive,n/a,common,singular,singular
conv_18_CAMION_CHINO_ME_VOY,tu,2,determiner,possessive,n/a,common,singular,singular
conv_18_CAMION_CHINO_ME_VOY,tu,2,determiner,possessive,n/a,common,singular,singular
conv_18_EMIGRANTES_Y_SESENTA_HORAS,su,1,determiner,possessive,n/a,common,singular,invariable
conv_18_EMIGRANTES_Y_SESENTA_HORAS,su,1,determiner,possessive,n/a,common,singular,invariable
conv_18_EMIGRANTES_Y_SESENTA_HORAS,su,1,determiner,possessive,n/a,common,singular,invariable
conv_18_EMIGRANTES_Y_SESENTA_HORAS,su,1,determiner,possessive,n/a,common,singular,invariable
conv_19_HAN_CENADO_Y_PELOS_LARGOS,su,2,determiner,possessive,n/a,common,singular,invariable
conv_19_HAN_CENADO_Y_PELOS_LARGOS,su,2,determiner,possessive,n/a,common,singular,invariable
conv_19_HAN_CENADO_Y_PELOS_LARGOS,su,2,determiner,possessive,n/a,common,singular,invariable
conv_19_HAN_CENADO_Y_PELOS_LARGOS,su,2,determiner,possessive,n/a,common,singular,invariable
conv_19_HAN_CENADO_Y_PELOS_LARGOS,su,2,determiner,possessive,n/a,common,singular,invariable
conv_19_HAN_CENADO_Y_PELOS_LARGOS,su,2,determiner,possessive,n/a,common,singular,invariable
conv_19_HAN_CENADO_Y_PELOS_LARGOS,su,2,determiner,possessive,n/a,common,singular,invariable
conv_19_HAN_CENADO_Y_PELOS_LARGOS,su,2,determiner,possessive,n/a,common,singular,invariable
conv_30_ASIGNATURAS_DOCTORADO_1,uno,10,determiner,indefinite,n/a,masculine,singular,n/a
conv_30_ASIGNATURAS_DOCTORADO_1,uno,10,determiner,indefinite,n/a,masculine,singular,n/a
conv_30_ASIGNATURAS_DOCTORADO_1,uno,10,determiner,indefinite,n/a,masculine,singular,n/a
conv_30_ASIGNATURAS_DOCTORADO_1,uno,10,determiner,indefinite,n/a,masculine,singular,n/a
conv_30_ASIGNATURAS_DOCTORADO_1,uno,10,determiner,indefinite,n/a,masculine,singular,n/a
conv_30_ASIGNATURAS_DOCTORADO_1,uno,10,determiner,indefinite,n/a,masculine,singular,n/a
conv_30_BECAS_2,uno,2,determiner,indefinite,n/a,masculine,singular,n/a
conv_30_BECAS_2,uno,2,determiner,indefinite,n/a,masculine,singular,n/a
conv_30_BECAS_2,uno,2,determiner,indefinite,n/a,masculine,singular,n/a
conv_30_BECAS_2,uno,2,determiner,indefinite,n/a,masculine,singular,n/a
conv_30_BECAS_2,uno,2,determiner,indefinite,n/a,masculine,singular,n/a
conv_30_BECAS_2,uno,2,determiner,indefinite,n/a,masculine,singular,n/a
conv_30_BECAS_2,uno,2,determiner,indefinite,n/a,masculine,singular,n/a
conv_30_ESCRIBE_EN_EL_PSIQUIATRICO_7,su,3,determiner,possessive,superlative,common,singular,invariable
conv_30_ESCRIBE_EN_EL_PSIQUIATRICO_7,su,3,determiner,possessive,superlative,common,singular,invariable
conv_30_ESCRIBE_EN_EL_PSIQUIATRICO_7,su,3,determiner,possessive,superlative,common,singular,invariable
conv_30_ESCRIBE_EN_EL_PSIQUIATRICO_7,su,3,determiner,possessive,superlative,common,singular,invariable
conv_30_ESCRIBE_EN_EL_PSIQUIATRICO_7,su,3,determiner,possessive,superlative,common,singular,invariable
conv_30_ESCRIBE_EN_EL_PSIQUIATRICO_7,su,3,determiner,possessive,superlative,common,singular,invariable
conv_30_ESCRIBE_EN_EL_PSIQUIATRICO_7,su,3,determiner,possessive,superlative,common,singular,invariable
conv_30_ESTA_TIA_PUEDE_SER_TONTA_4,su,1,determiner,possessive,n/a,common,singular,invariable
conv_30_ESTA_TIA_PUEDE_SER_TONTA_4,su,1,determiner,possessive,n/a,common,singular,invariable
conv_30_ESTA_TIA_PUEDE_SER_TONTA_4,su,1,determiner,possessive,n/a,common,singular,invariable
conv_30_ESTA_TIA_PUEDE_SER_TONTA_4,su,1,determiner,possessive,n/a,common,singular,invariable
conv_30_GUAY_5,su,3,determiner,possessive,n/a,common,singular,invariable
conv_30_GUAY_5,su,3,determiner,possessive,n/a,common,singular,invariable
conv_30_GUAY_5,su,3,determiner,possessive,n/a,common,singular,invariable
conv_30_GUAY_5,su,3,determiner,possessive,n/a,common,singular,invariable
conv_30_GUAY_5,su,3,determiner,possessive,n/a,common,singular,invariable
conv_30_LOS_MANIFIESTOS_3,tu,2,determiner,possessive,n/a,common,singular,singular
conv_30_LOS_MANIFIESTOS_3,tu,2,determiner,possessive,n/a,common,singular,singular
conv_30_LOS_MANIFIESTOS_3,tu,2,determiner,possessive,n/a,common,singular,singular
conv_30_LOS_MANIFIESTOS_3,tu,2,determiner,possessive,n/a,common,singular,singular
conv_30_PROFE_ES_UNA_INVESTIGACION_6,su,1,determiner,possessive,n/a,common,singular,invariable
conv_30_PROFE_ES_UNA_INVESTIGACION_6,su,1,determiner,possessive,n/a,common,singular,invariable
conv_30_PROFE_ES_UNA_INVESTIGACION_6,su,1,determiner,possessive,n/a,common,singular,invariable
conv_30_PROFE_ES_UNA_INVESTIGACION_6,su,1,determiner,possessive,n/a,common,singular,invariable
conv_33_A_MI_NO_PERO_YO_SI_2,tu,1,determiner,possessive,n/a,common,singular,singular
conv_33_A_MI_NO_PERO_YO_SI_2,tu,1,determiner,possessive,n/a,common,singular,singular
conv_33_A_MI_NO_PERO_YO_SI_2,tu,1,determiner,possessive,n/a,common,singular,singular
conv_33_A_MI_NO_PERO_YO_SI_2,tu,1,determiner,possessive,n/a,common,singular,singular
conv_33_A_MI_NO_PERO_YO_SI_2,tu,1,determiner,possessive,n/a,common,singular,singular
conv_33_AUNQUE_ESTE_CALVO_4,uno,7,determiner,indefinite,n/a,masculine,singular,n/a
conv_33_AUNQUE_ESTE_CALVO_4,uno,7,determiner,indefinite,n/a,masculine,singular,n/a
conv_33_AUNQUE_ESTE_CALVO_4,uno,7,determiner,indefinite,n/a,masculine,singular,n/a
conv_33_AUNQUE_ESTE_CALVO_4,uno,7,determiner,indefinite,n/a,masculine,singular,n/a
conv_33_AUNQUE_ESTE_CALVO_4,uno,7,determiner,indefinite,n/a,masculine,singular,n/a
conv_33_LAS_INTIMIDADES_1,mi,1,determiner,possessive,n/a,common,singular,singular
conv_33_LAS_INTIMIDADES_1,mi,1,determiner,possessive,n/a,common,singular,singular
conv_33_LAS_INTIMIDADES_1,mi,1,determiner,possessive,n/a,common,singular,singular
conv_33_LAS_INTIMIDADES_1,mi,1,determiner,possessive,n/a,common,singular,singular
conv_33_PORQUE_ME_CAUTIVO_3,uno,1,determiner,indefinite,n/a,masculine,singular,n/a
conv_33_PORQUE_ME_CAUTIVO_3,uno,1,determiner,indefinite,n/a,masculine,singular,n/a
conv_33_PORQUE_ME_CAUTIVO_3,uno,1,determiner,indefinite,n/a,masculine,singular,n/a
conv_33_PORQUE_ME_CAUTIVO_3,uno,1,determiner,indefinite,n/a,masculine,singular,n/a
conv_33_PORQUE_ME_CAUTIVO_3,uno,1,determiner,indefinite,n/a,masculine,singular,n/a
conv_33_QUE_CRUEL_5,su,2,determiner,possessive,n/a,common,singular,invariable
conv_33_QUE_CRUEL_5,su,2,determiner,possessive,n/a,common,singular,invariable
conv_33_QUE_CRUEL_5,su,2,determiner,possessive,n/a,common,singular,invariable
conv_33_QUE_CRUEL_5,su,2,determiner,possessive,n/a,common,singular,invariable
conv_33_QUE_CRUEL_5,su,2,determiner,possessive,n/a,common,singular,invariable
conv_33_QUE_NO_AGUANTARIAS_A_OTRO_6,tu,2,determiner,possessive,n/a,common,plural,singular
conv_33_QUE_NO_AGUANTARIAS_A_OTRO_6,tu,2,determiner,possessive,n/a,common,plural,singular
conv_33_QUE_NO_AGUANTARIAS_A_OTRO_6,tu,2,determiner,possessive,n/a,common,plural,singular
conv_33_QUE_NO_AGUANTARIAS_A_OTRO_6,tu,2,determiner,possessive,n/a,common,plural,singular
conv_33_QUE_NO_AGUANTARIAS_A_OTRO_6,tu,2,determiner,possessive,n/a,common,plural,singular
conv_39_ME_VIENE_GENIAL,cuánto,1,determiner,interrogative,n/a,masculine,singular,n/a
conv_39_ME_VIENE_GENIAL,cuánto,1,determiner,interrogative,n/a,masculine,singular,n/a
conv_39_ME_VIENE_GENIAL,cuánto,1,determiner,interrogative,n/a,masculine,singular,n/a
conv_39_ME_VIENE_GENIAL,cuánto,1,determiner,interrogative,n/a,masculine,singular,n/a
conv_39_ME_VIENE_GENIAL,cuánto,1,determiner,interrogative,n/a,masculine,singular,n/a
conv_39_ME_VIENE_GENIAL,cuánto,1,determiner,interrogative,n/a,masculine,singular,n/a
conv_39_ME_VIENE_GENIAL,cuánto,1,determiner,interrogative,n/a,masculine,singular,n/a
conv_39_ME_VIENE_GENIAL,cuánto,1,determiner,interrogative,n/a,masculine,singular,n/a
conv_51_CONSUEGROS,su,7,determiner,possessive,evaluative,common,singular,invariable
conv_51_CONSUEGROS,su,7,determiner,possessive,evaluative,common,singular,invariable
conv_51_CONSUEGROS,su,7,determiner,possessive,evaluative,common,singular,invariable
conv_51_CONSUEGROS,su,7,determiner,possessive,evaluative,common,singular,invariable
conv_51_CONSUEGROS,su,7,determiner,possessive,evaluative,common,singular,invariable
conv_51_CONSUEGROS,su,7,determiner,possessive,evaluative,common,singular,invariable
conv_51_CONSUEGROS,su,7,determiner,possessive,evaluative,common,singular,invariable
conv_53_ELIGEN_CARRETERAS,uno,5,determiner,indefinite,n/a,masculine,singular,n/a
conv_53_ELIGEN_CARRETERAS,uno,5,determiner,indefinite,n/a,masculine,singular,n/a
conv_53_ELIGEN_CARRETERAS,uno,5,determiner,indefinite,n/a,masculine,singular,n/a
conv_53_ELIGEN_CARRETERAS,uno,5,determiner,indefinite,n/a,masculine,singular,n/a
conv_53_ELIGEN_CARRETERAS,uno,5,determiner,indefinite,n/a,masculine,singular,n/a
conv_53_ELIGEN_CARRETERAS,uno,5,determiner,indefinite,n/a,masculine,singular,n/a
conv_53_PUEBLIN_AGRADABLE,tu,1,determiner,possessive,n/a,common,singular,singular
conv_53_PUEBLIN_AGRADABLE,tu,1,determiner,possessive,n/a,common,singular,singular
conv_53_PUEBLIN_AGRADABLE,tu,1,determiner,possessive,n/a,common,singular,singular
conv_53_PUEBLIN_AGRADABLE,tu,1,determiner,possessive,n/a,common,singular,singular
conv_53_PUEBLIN_AGRADABLE,tu,1,determiner,possessive,n/a,common,singular,singular
conv_53_PUEBLIN_AGRADABLE,tu,1,determiner,possessive,n/a,common,singular,singular
conv_53_PUEBLIN_AGRADABLE,tu,1,determiner,possessive,n/a,common,singular,singular
conv_53_PUEBLIN_AGRADABLE,tu,1,determiner,possessive,n/a,common,singular,singular
conv_65_DOBLAJE,uno,9,determiner,indefinite,superlative,masculine,singular,n/a
conv_65_DOBLAJE,uno,9,determiner,indefinite,superlative,masculine,singular,n/a
conv_65_DOBLAJE,uno,9,determiner,indefinite,superlative,masculine,singular,n/a
conv_65_DOBLAJE,uno,9,determiner,indefinite,superlative,masculine,singular,n/a
conv_65_DOBLAJE,uno,9,determiner,indefinite,superlative,masculine,singular,n/a
conv_65_DOBLAJE,uno,9,determiner,indefinite,superlative,masculine,singular,n/a
conv_65_DOBLAJE,uno,9,determiner,indefinite,superlative,masculine,singular,n/a
conv_65_DOBLAJE,uno,9,determiner,indefinite,superlative,masculine,singular,n/a
conv_66_PUBLICO_Y_PRIVADO,cuánto,1,determiner,interrogative,n/a,masculine,singular,n/a
conv_66_PUBLICO_Y_PRIVADO,cuánto,1,determiner,interrogative,n/a,masculine,singular,n/a
conv_66_PUBLICO_Y_PRIVADO,cuánto,1,determiner,interrogative,n/a,masculine,singular,n/a
conv_66_PUBLICO_Y_PRIVADO,cuánto,1,determiner,interrogative,n/a,masculine,singular,n/a
dial_04_ALGECIRAS,su,3,determiner,possessive,n/a,common,singular,invariable
dial_04_ALGECIRAS,su,3,determiner,possessive,n/a,common,singular,invariable
dial_04_ALGECIRAS,su,3,determiner,possessive,n/a,common,singular,invariable
dial_04_ALGECIRAS,su,3,determiner,possessive,n/a,common,singular,invariable
dial_04_ALGECIRAS,su,3,determiner,possessive,n/a,common,singular,invariable
dial_04_ALGECIRAS,su,3,determiner,possessive,n/a,common,singular,invariable
dial_04_ANTES_ERAS_DE_LA_MISMA_CATEGORIA,su,1,determiner,possessive,n/a,common,plural,invariable
dial_04_ANTES_ERAS_DE_LA_MISMA_CATEGORIA,su,1,determiner,possessive,n/a,common,plural,invariable
dial_04_ANTES_ERAS_DE_LA_MISMA_CATEGORIA,su,1,determiner,possessive,n/a,common,plural,invariable
dial_04_ANTES_ERAS_DE_LA_MISMA_CATEGORIA,su,1,determiner,possessive,n/a,common,plural,invariable
dial_04_ANTES_ERAS_DE_LA_MISMA_CATEGORIA,su,1,determiner,possessive,n/a,common,plural,invariable
dial_04_ANTES_ERAS_DE_LA_MISMA_CATEGORIA,su,1,determiner,possessive,n/a,common,plural,invariable
dial_04_EL_AÑO_DE_LA_PERA,mi,3,determiner,possessive,superlative,common,singular,singular
dial_04_EL_AÑO_DE_LA_PERA,mi,3,determiner,possessive,superlative,common,singular,singular
dial_04_EL_AÑO_DE_LA_PERA,mi,3,determiner,possessive,superlative,common,singular,singular
dial_04_EL_AÑO_DE_LA_PERA,mi,3,determiner,possessive,superlative,common,singular,singular
dial_04_DICE_UNAS_BURRADAS_BRUTALES,su,3,determiner,possessive,superlative,common,singular,invariable
dial_04_DICE_UNAS_BURRADAS_BRUTALES,su,3,determiner,possessive,superlative,common,singular,invariable
dial_04_DICE_UNAS_BURRADAS_BRUTALES,su,3,determiner,possessive,superlative,common,singular,invariable
dial_04_DICE_UNAS_BURRADAS_BRUTALES,su,3,determiner,possessive,superlative,common,singular,invariable
dial_04_ES_INDIGNANTE_QUE_ESTEN_ASI,su,1,determiner,possessive,n/a,common,singular,invariable
dial_04_ES_INDIGNANTE_QUE_ESTEN_ASI,su,1,determiner,possessive,n/a,common,singular,invariable
dial_04_ES_INDIGNANTE_QUE_ESTEN_ASI,su,1,determiner,possessive,n/a,common,singular,invariable
dial_04_ES_INDIGNANTE_QUE_ESTEN_ASI,su,1,determiner,possessive,n/a,common,singular,invariable
dial_04_INFANCIA_DIFICIL,su,1,determiner,possessive,superlative,common,plural,invariable
dial_04_INFANCIA_DIFICIL,su,1,determiner,possessive,superlative,common,plural,invariable
dial_04_INFANCIA_DIFICIL,su,1,determiner,possessive,superlative,common,plural,invariable
dial_04_INFANCIA_DIFICIL,su,1,determiner,possessive,superlative,common,plural,invariable
dial_04_LA_ACADEMIA_ES_BUENISIMA,cuánto,1,determiner,interrogative,superlative,masculine,singular,n/a
dial_04_LA_ACADEMIA_ES_BUENISIMA,cuánto,1,determiner,interrogative,superlative,masculine,singular,n/a
dial_04_LA_ACADEMIA_ES_BUENISIMA,cuánto,1,determiner,interrogative,superlative,masculine,singular,n/a
dial_04_LA_ACADEMIA_ES_BUENISIMA,cuánto,1,determiner,interrogative,superlative,masculine,singular,n/a
dial_04_LA_ACADEMIA_ES_BUENISIMA,cuánto,1,determiner,interrogative,superlative,masculine,singular,n/a
dial_04_LOS_HOMBRES_TORPES,tu,1,determiner,possessive,n/a,common,singular,singular
dial_04_LOS_HOMBRES_TORPES,tu,1,determiner,possessive,n/a,common,singular,singular
dial_04_LOS_HOMBRES_TORPES,tu,1,determiner,possessive,n/a,common,singular,singular
dial_04_LOS_HOMBRES_TORPES,tu,1,determiner,possessive,n/a,common,singular,singular
dial_04_NO_NO_QUE_ELLOS_ME_EXPLIQUEN_NO,mi,1,determiner,possessive,n/a,common,singular,singular
dial_04_NO_NO_QUE_ELLOS_ME_EXPLIQUEN_NO,mi,1,determiner,possessive,n/a,common,singular,singular
dial_04_NO_NO_QUE_ELLOS_ME_EXPLIQUEN_NO,mi,1,determiner,possessive,n/a,common,singular,singular
dial_04_PUNTO_HORTERA_Y_ESTO_ES_DE_MUY_MAYORES,su,2,determiner,possessive,n/a,common,singular,invariable
dial_04_PUNTO_HORTERA_Y_ESTO_ES_DE_MUY_MAYORES,su,2,determiner,possessive,n/a,common,singular,invariable
dial_04_PUNTO_HORTERA_Y_ESTO_ES_DE_MUY_MAYORES,su,2,determiner,possessive,n/a,common,singular,invariable
dial_04_PUNTO_HORTERA_Y_ESTO_ES_DE_MUY_MAYORES,su,2,determiner,possessive,n/a,common,singular,invariable
dial_04_PUNTO_HORTERA_Y_ESTO_ES_DE_MUY_MAYORES,su,2,determiner,possessive,n/a,common,singular,invariable
dial_04_SE_LO_LLEVÓ_AL_HUERTO,uno,5,determiner,indefinite,n/a,masculine,singular,n/a
dial_04_SE_LO_LLEVÓ_AL_HUERTO,uno,5,determiner,indefinite,n/a,masculine,singular,n/a
dial_04_SE_LO_LLEVÓ_AL_HUERTO,uno,5,determiner,indefinite,n/a,masculine,singular,n/a
dial_04_SE_LO_LLEVÓ_AL_HUERTO,uno,5,determiner,indefinite,n/a,masculine,singular,n/a
dial_04_TIENE_CINCO_HIJOS_EN_ECUADOR,cuánto,1,determiner,interrogative,n/a,masculine,singular,n/a
dial_04_TIENE_CINCO_HIJOS_EN_ECUADOR,cuánto,1,determiner,interrogative,n/a,masculine,singular,n/a
dial_04_TIENE_CINCO_HIJOS_EN_ECUADOR,cuánto,1,determiner,interrogative,n/a,masculine,singular,n/a
dial_04_TIENE_CINCO_HIJOS_EN_ECUADOR,cuánto,1,determiner,interrogative,n/a,masculine,singular,n/a
dial_04_TIENE_CINCO_HIJOS_EN_ECUADOR,cuánto,1,determiner,interrogative,n/a,masculine,singular,n/a
dial_32_A_DENTELLADAS,su,1,determiner,possessive,n/a,common,singular,invariable
dial_32_A_DENTELLADAS,su,1,determiner,possessive,n/a,common,singular,invariable
dial_32_A_DENTELLADAS,su,1,determiner,possessive,n/a,common,singular,invariable
dial_32_A_DENTELLADAS,su,1,determiner,possessive,n/a,common,singular,invariable
dial_32_A_DENTELLADAS,su,1,determiner,possessive,n/a,common,singular,invariable
dial_32_SE_APRENDE_EN_EL_EJEMPLO,tu,1,determiner,possessive,n/a,common,singular,singular
dial_32_SE_APRENDE_EN_EL_EJEMPLO,tu,1,determiner,possessive,n/a,common,singular,singular
dial_32_SE_APRENDE_EN_EL_EJEMPLO,tu,1,determiner,possessive,n/a,common,singular,singular
dial_54_UN_PISITO,su,1,determiner,possessive,n/a,common,singular,invariable
dial_54_UN_PISITO,su,1,determiner,possessive,n/a,common,singular,invariable
dial_54_UN_PISITO,su,1,determiner,possessive,n/a,common,singular,invariable
dial_54_UN_PISITO,su,1,determiner,possessive,n/a,common,singular,invariable
dial_54_UN_PISITO,su,1,determiner,possessive,n/a,common,singular,invariable
entr_17_GENERACION_DE_TECNOCRATAS,su,1,determiner,possessive,n/a,common,singular,invariable
entr_26_AHI_OS_QUEDAIS,vuestro,1,determiner,possessive,n/a,masculine,singular,plural
entr_26_AHI_OS_QUEDAIS,vuestro,1,determiner,possessive,n/a,masculine,singular,plural
entr_26_AHI_OS_QUEDAIS,vuestro,1,determiner,possessive,n/a,masculine,singular,plural
entr_26_AHI_OS_QUEDAIS,vuestro,1,determiner,possessive,n/a,masculine,singular,plural
entr_26_AUTONOMA_COMPLUTENSE,su,1,determiner,possessive,superlative,common,singular,invariable
entr_26_AUTONOMA_COMPLUTENSE,su,1,determiner,possessive,superlative,common,singular,invariable
entr_26_AUTONOMA_COMPLUTENSE,su,1,determiner,possessive,superlative,common,singular,invariable
entr_26_AUTONOMA_COMPLUTENSE,su,1,determiner,possessive,superlative,common,singular,invariable
entr_26_AUTONOMA_COMPLUTENSE,su,1,determiner,possessive,superlative,common,singular,invariable
entr_26_AUTONOMA_COMPLUTENSE,su,1,determiner,possessive,superlative,common,singular,invariable
entr_26_AUTONOMA_COMPLUTENSE,su,1,determiner,possessive,superlative,common,singular,invariable
entr_26_AUTONOMA_COMPLUTENSE,su,1,determiner,possessive,superlative,common,singular,invariable
entr_26_AUTONOMA_COMPLUTENSE,su,1,determiner,possessive,superlative,common,singular,invariable
entr_26_CONSERVADURISMO_INDIGENA,nuestro,1,determiner,possessive,n/a,masculine,singular,plural
entr_26_CONSERVADURISMO_INDIGENA,nuestro,1,determiner,possessive,n/a,masculine,singular,plural
entr_26_CONSERVADURISMO_INDIGENA,nuestro,1,determiner,possessive,n/a,masculine,singular,plural
entr_26_CONSERVADURISMO_INDIGENA,nuestro,1,determiner,possessive,n/a,masculine,singular,plural
entr_26_CONSERVADURISMO_INDIGENA,nuestro,1,determiner,possessive,n/a,masculine,singular,plural
entr_26_DILETANTISMO_DESAGRADABLE,su,1,determiner,possessive,n/a,common,plural,invariable
entr_26_DILETANTISMO_DESAGRADABLE,su,1,determiner,possessive,n/a,common,plural,invariable
entr_26_DILETANTISMO_DESAGRADABLE,su,1,determiner,possessive,n/a,common,plural,invariable
entr_26_DILETANTISMO_DESAGRADABLE,su,1,determiner,possessive,n/a,common,plural,invariable
entr_26_DILETANTISMO_DESAGRADABLE,su,1,determiner,possessive,n/a,common,plural,invariable
entr_26_DILETANTISMO_DESAGRADABLE,su,1,determiner,possessive,n/a,common,plural,invariable
entr_26_DILETANTISMO_DESAGRADABLE,su,1,determiner,possessive,n/a,common,plural,invariable
entr_26_EN_LA_BIOLOGIA,su,1,determiner,possessive,n/a,common,plural,invariable
entr_26_EN_LA_BIOLOGIA,su,1,determiner,possessive,n/a,common,plural,invariable
entr_26_EN_LA_BIOLOGIA,su,1,determiner,possessive,n/a,common,plural,invariable
entr_26_EN_LA_BIOLOGIA,su,1,determiner,possessive,n/a,common,plural,invariable
entr_26_FONDISTAS,tu,1,determiner,possessive,n/a,common,singular,singular
entr_26_FONDISTAS,tu,1,determiner,possessive,n/a,common,singular,singular
entr_26_FONDISTAS,tu,1,determiner,possessive,n/a,common,singular,singular
entr_26_INVESTIGANDO,tu,4,determiner,possessive,n/a,common,singular,singular
entr_26_INVESTIGANDO,tu,4,determiner,possessive,n/a,common,singular,singular
entr_26_INVESTIGANDO,tu,4,determiner,possessive,n/a,common,singular,singular
entr_26_LABIA_FINA,vuestro,1,determiner,possessive,n/a,masculine,singular,plural
entr_26_LABIA_FINA,vuestro,1,determiner,possessive,n/a,masculine,singular,plural
entr_26_LABIA_FINA,vuestro,1,determiner,possessive,n/a,masculine,singular,plural
entr_26_LOS_TIMIDOS,uno,1,determiner,indefinite,n/a,feminine,singular,n/a
entr_26_LOS_TIMIDOS,uno,1,determiner,indefinite,n/a,feminine,singular,n/a
entr_26_LOS_TIMIDOS,uno,1,determiner,indefinite,n/a,feminine,singular,n/a
entr_26_LOS_TIMIDOS,uno,1,determiner,indefinite,n/a,feminine,singular,n/a
entr_26_LOS_TIMIDOS,uno,1,determiner,indefinite,n/a,feminine,singular,n/a
entr_26_NO_HABIA_NACIDO,todo,2,determiner,indefinite,n/a,masculine,singular,n/a
entr_26_NO_HABIA_NACIDO,todo,2,determiner,indefinite,n/a,masculine,singular,n/a
entr_26_NO_HABIA_NACIDO,todo,2,determiner,indefinite,n/a,masculine,singular,n/a
entr_26_QUE_ME_DIJERAS_MAS,uno,2,determiner,indefinite,n/a,masculine,singular,n/a
entr_26_QUE_ME_DIJERAS_MAS,uno,2,determiner,indefinite,n/a,masculine,singular,n/a
entr_26_QUE_ME_DIJERAS_MAS,uno,2,determiner,indefinite,n/a,masculine,singular,n/a
entr_26_QUE_ME_DIJERAS_MAS,uno,2,determiner,indefinite,n/a,masculine,singular,n/a
entr_26_QUE_ME_DIJERAS_MAS,uno,2,determiner,indefinite,n/a,masculine,singular,n/a
entr_26_RASCAR_LA_REALIDAD,tu,1,determiner,possessive,evaluative,common,singular,singular
entr_26_RASCAR_LA_REALIDAD,tu,1,determiner,possessive,evaluative,common,singular,singular
entr_26_RASCAR_LA_REALIDAD,tu,1,determiner,possessive,evaluative,common,singular,singular
entr_26_RASCAR_LA_REALIDAD,tu,1,determiner,possessive,evaluative,common,singular,singular
entr_26_RASCAR_LA_REALIDAD,tu,1,determiner,possessive,evaluative,common,singular,singular
entr_26_RASCAR_LA_REALIDAD,tu,1,determiner,possessive,evaluative,common,singular,singular
entr_26_REYES_DEL_MAMBO,tu,1,determiner,possessive,n/a,common,singular,singular
entr_26_REYES_DEL_MAMBO,tu,1,determiner,possessive,n/a,common,singular,singular
entr_26_REYES_DEL_MAMBO,tu,1,determiner,possessive,n/a,common,singular,singular
entr_26_REYES_DEL_MAMBO,tu,1,determiner,possessive,n/a,common,singular,singular
entr_26_SIN_ESFUERZO,uno,5,determiner,indefinite,superlative,masculine,singular,n/a
entr_26_SIN_ESFUERZO,uno,5,determiner,indefinite,superlative,masculine,singular,n/a
entr_26_SIN_ESFUERZO,uno,5,determiner,indefinite,superlative,masculine,singular,n/a
entr_26_SIN_ESFUERZO,uno,5,determiner,indefinite,superlative,masculine,singular,n/a
entr_26_SIN_ESFUERZO,uno,5,determiner,indefinite,superlative,masculine,singular,n/a
entr_26_SIN_ESFUERZO,uno,5,determiner,indefinite,superlative,masculine,singular,n/a
entr_26_TRABAJAR_EN_EQUIPO,su,2,determiner,possessive,n/a,common,plural,invariable
entr_26_TRABAJAR_EN_EQUIPO,su,2,determiner,possessive,n/a,common,plural,invariable
entr_26_TRABAJAR_EN_EQUIPO,su,2,determiner,possessive,n/a,common,plural,invariable
entr_26_TRABAJAR_EN_EQUIPO,su,2,determiner,possessive,n/a,common,plural,invariable
entr_26_TRABAJAR_EN_EQUIPO,su,2,determiner,possessive,n/a,common,plural,invariable
entr_26_TRABAJAR_EN_EQUIPO,su,2,determiner,possessive,n/a,common,plural,invariable
entr_26_TRADICION,su,3,determiner,possessive,n/a,common,singular,invariable
entr_26_TRADICION,su,3,determiner,possessive,n/a,common,singular,invariable
entr_26_TRADICION,su,3,determiner,possessive,n/a,common,singular,invariable
entr_27_CAMBIA_LA_RELACION_9,su,2,determiner,possessive,n/a,common,singular,invariable
entr_27_CAMBIA_LA_RELACION_9,su,2,determiner,possessive,n/a,common,singular,invariable
entr_27_CAMBIA_LA_RELACION_9,su,2,determiner,possessive,n/a,common,singular,invariable
entr_27_CAMBIA_LA_RELACION_9,su,2,determiner,possessive,n/a,common,singular,invariable
entr_27_CAMBIA_LA_RELACION_9,su,2,determiner,possessive,n/a,common,singular,invariable
entr_27_COMPETIR_26,su,3,determiner,possessive,evaluative,common,singular,invariable
entr_27_COMPETIR_26,su,3,determiner,possessive,evaluative,common,singular,invariable
entr_27_COMPETIR_26,su,3,determiner,possessive,evaluative,common,singular,invariable
entr_27_COMPETIR_26,su,3,determiner,possessive,evaluative,common,singular,invariable
entr_27_COMPETIR_26,su,3,determiner,possessive,evaluative,common,singular,invariable
entr_27_COMPETIR_26,su,3,determiner,possessive,evaluative,common,singular,invariable
entr_27_COMPLEJO_DE_INFERIORIDAD_12,su,2,determiner,possessive,superlative,common,singular,invariable
entr_27_COMPLEJO_DE_INFERIORIDAD_12,su,2,determiner,possessive,superlative,common,singular,invariable
entr_27_COMPLEJO_DE_INFERIORIDAD_12,su,2,determiner,possessive,superlative,common,singular,invariable
entr_27_COMPLEJO_DE_INFERIORIDAD_12,su,2,determiner,possessive,superlative,common,singular,invariable
entr_27_COMPLEJO_DE_INFERIORIDAD_12,su,2,determiner,possessive,superlative,common,singular,invariable
entr_27_CONFLICTO_PERIODISTAS_5,su,3,determiner,possessive,n/a,common,singular,invariable
entr_27_CONFLICTO_PERIODISTAS_5,su,3,determiner,possessive,n/a,common,singular,invariable
entr_27_CONFLICTO_PERIODISTAS_5,su,3,determiner,possessive,n/a,common,singular,invariable
entr_27_CONFLICTO_PERIODISTAS_5,su,3,determiner,possessive,n/a,common,singular,invariable
entr_27_CONFLICTO_PERIODISTAS_5,su,3,determiner,possessive,n/a,common,singular,invariable
entr_27_CUENTA_DE_RESULTADOS_22,cuánto,1,determiner,interrogative,n/a,masculine,singular,n/a
entr_27_CUENTA_DE_RESULTADOS_22,cuánto,1,determiner,interrogative,n/a,masculine,singular,n/a
entr_27_CUENTA_DE_RESULTADOS_22,cuánto,1,determiner,interrogative,n/a,masculine,singular,n/a
entr_27_CUENTA_DE_RESULTADOS_22,cuánto,1,determiner,interrogative,n/a,masculine,singular,n/a
entr_27_DINERITO_18,tu,1,determiner,possessive,n/a,common,singular,singular
entr_27_DINERITO_18,tu,1,determiner,possessive,n/a,common,singular,singular
entr_27_DINERITO_18,tu,1,determiner,possessive,n/a,common,singular,singular
entr_27_DINERITO_18,tu,1,determiner,possessive,n/a,common,singular,singular
entr_27_DINERITO_18,tu,1,determiner,possessive,n/a,common,singular,singular
entr_27_EMPRESAS_3,tu,3,determiner,possessive,n/a,common,singular,singular
entr_27_EMPRESAS_3,tu,3,determiner,possessive,n/a,common,singular,singular
entr_27_GRUPO_18,nuestro,1,determiner,possessive,n/a,masculine,singular,plural
entr_27_GRUPO_18,nuestro,1,determiner,possessive,n/a,masculine,singular,plural
entr_27_GRUPO_18,nuestro,1,determiner,possessive,n/a,masculine,singular,plural
entr_27_HERRAMIENTAS_INTEGRADAS_14,tu,1,determiner,possessive,n/a,common,singular,singular
entr_27_HERRAMIENTAS_INTEGRADAS_14,tu,1,determiner,possessive,n/a,common,singular,singular
entr_27_HERRAMIENTAS_INTEGRADAS_14,tu,1,determiner,possessive,n/a,common,singular,singular
entr_27_HERRAMIENTAS_INTEGRADAS_14,tu,1,determiner,possessive,n/a,common,singular,singular
entr_27_IMPRONTA_2,nuestro,3,determiner,possessive,n/a,feminine,singular,plural
entr_27_IMPRONTA_2,nuestro,3,determiner,possessive,n/a,feminine,singular,plural
entr_27_IMPRONTA_2,nuestro,3,determiner,possessive,n/a,feminine,singular,plural
entr_27_IMPRONTA_2,nuestro,3,determiner,possessive,n/a,feminine,singular,plural
entr_27_LOS_BUENOS_PERIODICOS_24,mi,3,determiner,possessive,n/a,common,singular,singular
entr_27_LOS_BUENOS_PERIODICOS_24,mi,3,determiner,possessive,n/a,common,singular,singular
entr_27_LOS_BUENOS_PERIODICOS_24,mi,3,determiner,possessive,n/a,common,singular,singular
entr_27_LOS_BUENOS_PERIODICOS_24,mi,3,determiner,possessive,n/a,common,singular,singular
entr_27_LOS_BUENOS_PERIODICOS_24,mi,3,determiner,possessive,n/a,common,singular,singular
entr_27_MI_CARRERA_32,tu,1,determiner,possessive,superlative,common,singular,singular
entr_27_MI_CARRERA_32,tu,1,determiner,possessive,superlative,common,singular,singular
entr_27_MI_CARRERA_32,tu,1,determiner,possessive,superlative,common,singular,singular
entr_27_MI_CARRERA_32,tu,1,determiner,possessive,superlative,common,singular,singular
entr_27_PEQUEÑO_COTO_11,tu,3,determiner,possessive,n/a,common,singular,singular
entr_27_PEQUEÑO_COTO_11,tu,3,determiner,possessive,n/a,common,singular,singular
entr_27_PEQUEÑO_COTO_11,tu,3,determiner,possessive,n/a,common,singular,singular
entr_27_PEQUEÑO_COTO_11,tu,3,determiner,possessive,n/a,common,singular,singular
entr_27_PEQUEÑO_COTO_11,tu,3,determiner,possessive,n/a,common,singular,singular
entr_27_PLANTILLA_6,mi,2,determiner,possessive,n/a,common,singular,singular
entr_27_PLANTILLA_6,mi,2,determiner,possessive,n/a,common,singular,singular
entr_27_PLANTILLA_6,mi,2,determiner,possessive,n/a,common,singular,singular
entr_27_PLANTILLA_6,mi,2,determiner,possessive,n/a,common,singular,singular
entr_27_PLANTILLA_6,mi,2,determiner,possessive,n/a,common,singular,singular
entr_27_PLANTILLA_6,mi,2,determiner,possessive,n/a,common,singular,singular
entr_27_REVOLUCION_4,su,1,determiner,possessive,n/a,common,singular,invariable
entr_27_REVOLUCION_4,su,1,determiner,possessive,n/a,common,singular,invariable
entr_27_REVOLUCION_4,su,1,determiner,possessive,n/a,common,singular,invariable
entr_27_VIL_23,tu,1,determiner,possessive,n/a,common,plural,singular
entr_27_VIL_23,tu,1,determiner,possessive,n/a,common,plural,singular
entr_27_VIL_23,tu,1,determiner,possessive,n/a,common,plural,singular
entr_27_VIL_23,tu,1,determiner,possessive,n/a,common,plural,singular
entr_27_VIL_23,tu,1,determiner,possessive,n/a,common,plural,singular
entr_28_ALUMNADO_JOVEN_2,su,2,determiner,possessive,n/a,common,singular,invariable
entr_28_ALUMNADO_JOVEN_2,su,2,determiner,possessive,n/a,common,singular,invariable
entr_28_ASOCIACIONES_MIRADAS_TORVAS_12,su,9,determiner,possessive,n/a,common,singular,invariable
entr_28_ASOCIACIONES_MIRADAS_TORVAS_12,su,9,determiner,possessive,n/a,common,singular,invariable
entr_28_ASOCIACIONES_MIRADAS_TORVAS_12,su,9,determiner,possessive,n/a,common,singular,invariable
entr_28_ASOCIACIONES_MIRADAS_TORVAS_12,su,9,determiner,possessive,n/a,common,singular,invariable
entr_28_ASOCIACIONES_MIRADAS_TORVAS_12,su,9,determiner,possessive,n/a,common,singular,invariable
entr_28_CAMBIO_RADICAL_3,su,1,determiner,possessive,n/a,common,singular,invariable
entr_28_CAMBIO_RADICAL_3,su,1,determiner,possessive,n/a,common,singular,invariable
entr_28_INFORMATICA_AQUI_4,su,5,determiner,possessive,n/a,common,singular,invariable
entr_28_INFORMATICA_AQUI_4,su,5,determiner,possessive,n/a,common,singular,invariable
entr_28_INVESTIGAR_8,su,1,determiner,possessive,n/a,common,singular,invariable
entr_28_INVESTIGAR_8,su,1,determiner,possessive,n/a,common,singular,invariable
entr_28_INVESTIGAR_8,su,1,determiner,possessive,n/a,common,singular,invariable
entr_28_LA_TUNA_DISCRIMINA_11,su,3,determiner,possessive,n/a,common,plural,invariable
entr_28_LA_TUNA_DISCRIMINA_11,su,3,determiner,possessive,n/a,common,plural,invariable
entr_28_LA_TUNA_DISCRIMINA_11,su,3,determiner,possessive,n/a,common,plural,invariable
entr_28_LA_TUNA_DISCRIMINA_11,su,3,determiner,possessive,n/a,common,plural,invariable
entr_28_LA_TUNA_DISCRIMINA_11,su,3,determiner,possessive,n/a,common,plural,invariable
entr_28_LA_TUNA_DISCRIMINA_11,su,3,determiner,possessive,n/a,common,plural,invariable
entr_28_LA_TUNA_DISCRIMINA_11,su,3,determiner,possessive,n/a,common,plural,invariable
entr_28_LA_TUNA_DISCRIMINA_11,su,3,determiner,possessive,n/a,common,plural,invariable
entr_28_NO_CLASISTA_9,uno,3,determiner,indefinite,superlative,masculine,singular,n/a
entr_28_NO_CLASISTA_9,uno,3,determiner,indefinite,superlative,masculine,singular,n/a
entr_28_NO_CLASISTA_9,uno,3,determiner,indefinite,superlative,masculine,singular,n/a
entr_28_NUEVAS_TECNOLOGIAS_A_SU_ALCANCE_5,nuestro,1,determiner,possessive,n/a,feminine,plural,plural
entr_28_RELACION_CON_DOCENCIA_9,su,1,determiner,possessive,superlative,common,plural,invariable
entr_28_RELACION_CON_DOCENCIA_9,su,1,determiner,possessive,superlative,common,plural,invariable
entr_28_RELACION_CON_DOCENCIA_9,su,1,determiner,possessive,superlative,common,plural,invariable
entr_28_RELACION_CON_DOCENCIA_9,su,1,determiner,possessive,superlative,common,plural,invariable
entr_28_UNIVERSIDAD_MATERIA_GRIS_7,uno,6,determiner,indefinite,n/a,masculine,singular,n/a
entr_28_UNIVERSIDAD_Y_SOCIEDAD_6,uno,6,determiner,indefinite,n/a,masculine,singular,n/a
entr_28_UNIVERSIDAD_Y_SOCIEDAD_6,uno,6,determiner,indefinite,n/a,masculine,singular,n/a
entr_28_UNIVERSIDAD_Y_SOCIEDAD_6,uno,6,determiner,indefinite,n/a,masculine,singular,n/a
entr_28_UNIVERSIDAD_Y_SOCIEDAD_6,uno,6,determiner,indefinite,n/a,masculine,singular,n/a
entr_29_CONSERVADURISMO_RADICAL_4,uno,1,determiner,indefinite,superlative,masculine,singular,n/a
entr_29_CONSERVADURISMO_RADICAL_4,uno,1,determiner,indefinite,superlative,masculine,singular,n/a
entr_29_CONSERVADURISMO_RADICAL_4,uno,1,determiner,indefinite,superlative,masculine,singular,n/a
entr_29_CONSERVADURISMO_RADICAL_4,uno,1,determiner,indefinite,superlative,masculine,singular,n/a
entr_29_ESTO_NO_GRABA_NO_HAY_EVOLUCION_1,mi,2,determiner,possessive,superlative,common,singular,singular
entr_29_ESTO_NO_GRABA_NO_HAY_EVOLUCION_1,mi,2,determiner,possessive,superlative,common,singular,singular
entr_29_ESTO_NO_GRABA_NO_HAY_EVOLUCION_1,mi,2,determiner,possessive,superlative,common,singular,singular
entr_29_ESTO_NO_GRABA_NO_HAY_EVOLUCION_1,mi,2,determiner,possessive,superlative,common,singular,singular
entr_29_ESTO_NO_GRABA_NO_HAY_EVOLUCION_1,mi,2,determiner,possessive,superlative,common,singular,singular
entr_29_GENTE_CON_LA_QUE_TRABAJO_2,tu,1,determiner,possessive,n/a,common,singular,singular
entr_29_GENTE_CON_LA_QUE_TRABAJO_2,tu,1,determiner,possessive,n/a,common,singular,singular
entr_29_GENTE_CON_LA_QUE_TRABAJO_2,tu,1,determiner,possessive,n/a,common,singular,singular
entr_29_GENTE_CON_LA_QUE_TRABAJO_2,tu,1,determiner,possessive,n/a,common,singular,singular
entr_31_A_POR_ELLO_1,tu,2,determiner,possessive,superlative,common,singular,singular
entr_31_A_POR_ELLO_1,tu,2,determiner,possessive,superlative,common,singular,singular
entr_31_A_POR_ELLO_1,tu,2,determiner,possessive,superlative,common,singular,singular
entr_31_A_POR_ELLO_1,tu,2,determiner,possessive,superlative,common,singular,singular
entr_31_A_POR_ELLO_1,tu,2,determiner,possessive,superlative,common,singular,singular
entr_31_ARCHIVERO_DOCUMENTALISTA_BIBLIOTECARIO_2,su,1,determiner,possessive,n/a,common,singular,invariable
entr_31_ARCHIVERO_DOCUMENTALISTA_BIBLIOTECARIO_2,su,1,determiner,possessive,n/a,common,singular,invariable
entr_31_ARCHIVERO_DOCUMENTALISTA_BIBLIOTECARIO_2,su,1,determiner,possessive,n/a,common,singular,invariable
entr_31_ARCHIVERO_DOCUMENTALISTA_BIBLIOTECARIO_2,su,1,determiner,possessive,n/a,common,singular,invariable
entr_31_COMPRAR_MUSICA_4,mi,1,determiner,possessive,superlative,common,singular,singular
entr_31_COMPRAR_MUSICA_4,mi,1,determiner,possessive,superlative,common,singular,singular
entr_31_COMPRAR_MUSICA_4,mi,1,determiner,possessive,superlative,common,singular,singular
entr_31_COMPRAR_MUSICA_4,mi,1,determiner,possessive,superlative,common,singular,singular
entr_31_FICHAS_A_MANO_7,su,1,determiner,possessive,n/a,common,singular,invariable
entr_31_FICHAS_A_MANO_7,su,1,determiner,possessive,n/a,common,singular,invariable
entr_31_FICHAS_A_MANO_7,su,1,determiner,possessive,n/a,common,singular,invariable
entr_31_FICHAS_A_MANO_7,su,1,determiner,possessive,n/a,common,singular,invariable
entr_31_FONOTECA_3,uno,5,determiner,indefinite,n/a,masculine,singular,n/a
entr_31_FONOTECA_3,uno,5,determiner,indefinite,n/a,masculine,singular,n/a
entr_31_FONOTECA_3,uno,5,determiner,indefinite,n/a,masculine,singular,n/a
entr_31_LA_GENTE_DE_LA_RADIO_5,su,2,determiner,possessive,n/a,common,singular,invariable
entr_31_LA_GENTE_DE_LA_RADIO_5,su,2,determiner,possessive,n/a,common,singular,invariable
entr_31_LA_GENTE_DE_LA_RADIO_5,su,2,determiner,possessive,n/a,common,singular,invariable
entr_31_LA_GENTE_DE_LA_RADIO_5,su,2,determiner,possessive,n/a,common,singular,invariable
entr_34_DE_CIENCIAS_2,su,1,determiner,possessive,n/a,common,plural,invariable
entr_34_DE_CIENCIAS_2,su,1,determiner,possessive,n/a,common,plural,invariable
entr_34_DE_CIENCIAS_2,su,1,determiner,possessive,n/a,common,plural,invariable
entr_34_DE_CIENCIAS_2,su,1,determiner,possessive,n/a,common,plural,invariable
entr_34_DE_CIENCIAS_2,su,1,determiner,possessive,n/a,common,plural,invariable
entr_34_DE_CIENCIAS_2,su,1,determiner,possessive,n/a,common,plural,invariable
entr_34_TORRE_DE_MARFIL,mi,4,determiner,possessive,n/a,common,singular,singular
entr_34_TORRE_DE_MARFIL,mi,4,determiner,possessive,n/a,common,singular,singular
entr_34_TORRE_DE_MARFIL,mi,4,determiner,possessive,n/a,common,singular,singular
entr_35_AUTORITAS_9,su,3,determiner,possessive,n/a,common,singular,invariable
entr_35_AUTORITAS_9,su,3,determiner,possessive,n/a,common,singular,invariable
entr_35_AUTORITAS_9,su,3,determiner,possessive,n/a,common,singular,invariable
entr_35_AUTORITAS_9,su,3,determiner,possessive,n/a,common,singular,invariable
entr_35_AUTORITAS_9,su,3,determiner,possessive,n/a,common,singular,invariable
entr_35_COSTABA_DINERO_7,su,4,determiner,possessive,n/a,common,singular,invariable
entr_35_COSTABA_DINERO_7,su,4,determiner,possessive,n/a,common,singular,invariable
entr_35_COSTABA_DINERO_7,su,4,determiner,possessive,n/a,common,singular,invariable
entr_35_DE_FORMACION_2,su,1,determiner,possessive,n/a,common,singular,invariable
entr_35_DE_FORMACION_2,su,1,determiner,possessive,n/a,common,singular,invariable
entr_35_DE_FORMACION_2,su,1,determiner,possessive,n/a,common,singular,invariable
entr_35_EN_ESTOS_DIECISIETE_3,su,2,determiner,possessive,n/a,common,singular,invariable
entr_35_EN_ESTOS_DIECISIETE_3,su,2,determiner,possessive,n/a,common,singular,invariable
entr_35_EN_ESTOS_DIECISIETE_3,su,2,determiner,possessive,n/a,common,singular,invariable
entr_35_EN_ESTOS_DIECISIETE_3,su,2,determiner,possessive,n/a,common,singular,invariable
entr_35_HABLAR_ACTUAR_12,su,2,determiner,possessive,n/a,common,singular,invariable
entr_35_HABLAR_ACTUAR_12,su,2,determiner,possessive,n/a,common,singular,invariable
entr_35_HABLAR_ACTUAR_12,su,2,determiner,possessive,n/a,common,singular,invariable
entr_35_HABLAR_ACTUAR_12,su,2,determiner,possessive,n/a,common,singular,invariable
entr_35_HABLAR_ACTUAR_12,su,2,determiner,possessive,n/a,common,singular,invariable
entr_35_HABLAR_ACTUAR_12,su,2,determiner,possessive,n/a,common,singular,invariable
entr_35_MARRUECOS_Y_DESPEDIDA_14,tu,2,determiner,possessive,n/a,common,singular,singular
entr_35_MARRUECOS_Y_DESPEDIDA_14,tu,2,determiner,possessive,n/a,common,singular,singular
entr_35_MARRUECOS_Y_DESPEDIDA_14,tu,2,determiner,possessive,n/a,common,singular,singular
entr_35_MARRUECOS_Y_DESPEDIDA_14,tu,2,determiner,possessive,n/a,common,singular,singular
entr_35_PSICOTERAPIA_PSICOANALISIS_5,su,4,determiner,possessive,n/a,common,singular,invariable
entr_35_PSICOTERAPIA_PSICOANALISIS_5,su,4,determiner,possessive,n/a,common,singular,invariable
entr_35_PSICOTERAPIA_PSICOANALISIS_5,su,4,determiner,possessive,n/a,common,singular,invariable
entr_35_PSICOTERAPIA_PSICOANALISIS_5,su,4,determiner,possessive,n/a,common,singular,invariable
entr_35_RELATO_MANIDO,su,1,determiner,possessive,n/a,common,singular,invariable
entr_35_RELATO_MANIDO,su,1,determiner,possessive,n/a,common,singular,invariable
entr_35_RELATO_MANIDO,su,1,determiner,possessive,n/a,common,singular,invariable
entr_35_REVOLUCION_FEMINISTA_10,su,1,determiner,possessive,n/a,common,singular,invariable
entr_35_REVOLUCION_FEMINISTA_10,su,1,determiner,possessive,n/a,common,singular,invariable
entr_35_REVOLUCION_FEMINISTA_10,su,1,determiner,possessive,n/a,common,singular,invariable
entr_35_TIRITAS_6,uno,2,determiner,indefinite,n/a,masculine,singular,n/a
entr_35_TIRITAS_6,uno,2,determiner,indefinite,n/a,masculine,singular,n/a
entr_35_TIRITAS_6,uno,2,determiner,indefinite,n/a,masculine,singular,n/a
entr_35_TRADUJE_Y_RECUERDO_15,uno,13,determiner,indefinite,n/a,masculine,singular,n/a
entr_35_TRADUJE_Y_RECUERDO_15,uno,13,determiner,indefinite,n/a,masculine,singular,n/a
entr_35_TRADUJE_Y_RECUERDO_15,uno,13,determiner,indefinite,n/a,masculine,singular,n/a
entr_35_TRADUJE_Y_RECUERDO_15,uno,13,determiner,indefinite,n/a,masculine,singular,n/a
entr_35_TRADUJE_Y_RECUERDO_15,uno,13,determiner,indefinite,n/a,masculine,singular,n/a
entr_35_TRADUJE_Y_RECUERDO_15,uno,13,determiner,indefinite,n/a,masculine,singular,n/a
entr_35_TRADUJE_Y_RECUERDO_15,uno,13,determiner,indefinite,n/a,masculine,singular,n/a
entr_35_YO_CREO_QUE_ESPAÑA_8,su,2,determiner,possessive,n/a,common,plural,invariable
entr_35_YO_CREO_QUE_ESPAÑA_8,su,2,determiner,possessive,n/a,common,plural,invariable
entr_35_YO_CREO_QUE_ESPAÑA_8,su,2,determiner,possessive,n/a,common,plural,invariable
entr_35_YO_CREO_QUE_ESPAÑA_8,su,2,determiner,possessive,n/a,common,plural,invariable
entr_37_CAMBIOS_QUE_SE_HAN_PRODUCIDO,nuestro,1,determiner,possessive,n/a,masculine,singular,plural
entr_37_CAMBIOS_QUE_SE_HAN_PRODUCIDO,nuestro,1,determiner,possessive,n/a,masculine,singular,plural
entr_37_CAMBIOS_QUE_SE_HAN_PRODUCIDO,nuestro,1,determiner,possessive,n/a,masculine,singular,plural
entr_37_CAMBIOS_QUE_SE_HAN_PRODUCIDO,nuestro,1,determiner,possessive,n/a,masculine,singular,plural
entr_37_DEDICACION,su,5,determiner,possessive,n/a,common,singular,invariable
entr_37_DEDICACION,su,5,determiner,possessive,n/a,common,singular,invariable
entr_37_DEDICACION,su,5,determiner,possessive,n/a,common,singular,invariable
entr_37_DEDICACION,su,5,determiner,possessive,n/a,common,singular,invariable
entr_37_DEDICACION,su,5,determiner,possessive,n/a,common,singular,invariable
entr_37_EJERCICIO_DE_LA_PROFESION_8,uno,11,determiner,indefinite,n/a,masculine,singular,n/a
entr_37_EJERCICIO_DE_LA_PROFESION_8,uno,11,determiner,indefinite,n/a,masculine,singular,n/a
entr_37_EJERCICIO_DE_LA_PROFESION_8,uno,11,determiner,indefinite,n/a,masculine,singular,n/a
entr_37_EMPIEZO_2,su,1,determiner,possessive,n/a,common,singular,invariable
entr_37_EMPIEZO_2,su,1,determiner,possessive,n/a,common,singular,invariable
entr_37_EMPIEZO_2,su,1,determiner,possessive,n/a,common,singular,invariable
entr_37_EMPIEZO_2,su,1,determiner,possessive,n/a,common,singular,invariable
entr_37_POLITICA_Y_ABOGACIA,su,2,determiner,possessive,superlative,common,singular,invariable
entr_37_PUES_AHI_QUE_FUI,mi,3,determiner,possessive,n/a,common,singular,singular
entr_37_PUES_AHI_QUE_FUI,mi,3,determiner,possessive,n/a,common,singular,singular
entr_37_PUES_AHI_QUE_FUI,mi,3,determiner,possessive,n/a,common,singular,singular
entr_37_PUES_AHI_QUE_FUI,mi,3,determiner,possessive,n/a,common,singular,singular
entr_37_SERVICIO_MILITAR,su,1,determiner,possessive,n/a,common,singular,invariable
entr_37_SERVICIO_MILITAR,su,1,determiner,possessive,n/a,common,singular,invariable
entr_37_SERVICIO_MILITAR,su,1,determiner,possessive,n/a,common,singular,invariable
entr_37_SERVICIO_MILITAR,su,1,determiner,possessive,n/a,common,singular,invariable
entr_38_EL_VALOR_DEL_LIBRO,su,3,determiner,possessive,n/a,common,singular,invariable
entr_38_EL_VALOR_DEL_LIBRO,su,3,determiner,possessive,n/a,common,singular,invariable
entr_38_EL_VALOR_DEL_LIBRO,su,3,determiner,possessive,n/a,common,singular,invariable
entr_38_EL_VALOR_DEL_LIBRO,su,3,determiner,possessive,n/a,common,singular,invariable
entr_38_HACER_MIL_COSAS_7,su,4,determiner,possessive,superlative,common,singular,invariable
entr_38_HACER_MIL_COSAS_7,su,4,determiner,possessive,superlative,common,singular,invariable
entr_38_HACER_MIL_COSAS_7,su,4,determiner,possessive,superlative,common,singular,invariable
entr_38_HACER_MIL_COSAS_7,su,4,determiner,possessive,superlative,common,singular,invariable
entr_38_HACER_MIL_COSAS_7,su,4,determiner,possessive,superlative,common,singular,invariable
entr_38_LA_CAJA_9,tu,1,determiner,possessive,superlative,common,singular,singular
entr_38_LA_CAJA_9,tu,1,determiner,possessive,superlative,common,singular,singular
entr_38_LA_CAJA_9,tu,1,determiner,possessive,superlative,common,singular,singular
entr_38_LA_CAJA_9,tu,1,determiner,possessive,superlative,common,singular,singular
entr_38_LEJOS_DEL_MUNDANAL_RUIDO_3,su,1,determiner,possessive,n/a,common,singular,invariable
entr_38_LEJOS_DEL_MUNDANAL_RUIDO_3,su,1,determiner,possessive,n/a,common,singular,invariable
entr_38_LEJOS_DEL_MUNDANAL_RUIDO_3,su,1,determiner,possessive,n/a,common,singular,invariable
entr_38_LEJOS_DEL_MUNDANAL_RUIDO_3,su,1,determiner,possessive,n/a,common,singular,invariable
entr_38_LEJOS_DEL_MUNDANAL_RUIDO_3,su,1,determiner,possessive,n/a,common,singular,invariable
entr_38_LO_ARTESANO_FUNCIONAL_4,su,2,determiner,possessive,n/a,common,plural,invariable
entr_38_LO_ARTESANO_FUNCIONAL_4,su,2,determiner,possessive,n/a,common,plural,invariable
entr_38_LO_ARTESANO_FUNCIONAL_4,su,2,determiner,possessive,n/a,common,plural,invariable
entr_38_LO_ARTESANO_FUNCIONAL_4,su,2,determiner,possessive,n/a,common,plural,invariable
entr_40_APERITIVO_DE_ROQUEFORT,uno,2,determiner,indefinite,superlative,masculine,singular,n/a
entr_40_APERITIVO_DE_ROQUEFORT,uno,2,determiner,indefinite,superlative,masculine,singular,n/a
entr_40_ARROZ_CON_PASAS_Y_COMINOS,uno,4,determiner,indefinite,n/a,masculine,singular,n/a
entr_40_ARROZ_CON_PASAS_Y_COMINOS,uno,4,determiner,indefinite,n/a,masculine,singular,n/a
entr_40_ARROZ_CON_PASAS_Y_COMINOS,uno,4,determiner,indefinite,n/a,masculine,singular,n/a
entr_40_ARROZ_CON_PASAS_Y_COMINOS,uno,4,determiner,indefinite,n/a,masculine,singular,n/a
entr_40_ARROZ_CON_PASAS_Y_COMINOS,uno,4,determiner,indefinite,n/a,masculine,singular,n/a
entr_40_BERENJENAS_CON_MARISCO,su,1,determiner,possessive,evaluative,common,plural,invariable
entr_40_BERENJENAS_CON_MARISCO,su,1,determiner,possessive,evaluative,common,plural,invariable
entr_40_BERENJENAS_CON_MARISCO,su,1,determiner,possessive,evaluative,common,plural,invariable
entr_40_BERENJENAS_FRITAS_CON_MIEL,uno,1,determiner,indefinite,superlative,masculine,singular,n/a
entr_40_BERENJENAS_FRITAS_CON_MIEL,uno,1,determiner,indefinite,superlative,masculine,singular,n/a
entr_40_BERENJENAS_FRITAS_CON_MIEL,uno,1,determiner,indefinite,superlative,masculine,singular,n/a
entr_40_CREMA_DE_MELON_CON_JAMON,uno,6,determiner,indefinite,superlative,masculine,singular,n/a
entr_40_CREMA_DE_MELON_CON_JAMON,uno,6,determiner,indefinite,superlative,masculine,singular,n/a
entr_40_CREMA_DE_MELON_CON_JAMON,uno,6,determiner,indefinite,superlative,masculine,singular,n/a
entr_40_CREMA_DE_MELON_CON_JAMON,uno,6,determiner,indefinite,superlative,masculine,singular,n/a
entr_40_CREMA_DE_MELON_CON_JAMON,uno,6,determiner,indefinite,superlative,masculine,singular,n/a
entr_40_CREMA_DE_MELON_CON_JAMON,uno,6,determiner,indefinite,superlative,masculine,singular,n/a
entr_40_FILETES_DE_POLLO_EN_SALSA_DE_SETAS,uno,3,determiner,indefinite,n/a,masculine,singular,n/a
entr_40_FILETES_DE_POLLO_EN_SALSA_DE_SETAS,uno,3,determiner,indefinite,n/a,masculine,singular,n/a
entr_40_FILETES_DE_POLLO_EN_SALSA_DE_SETAS,uno,3,determiner,indefinite,n/a,masculine,singular,n/a
entr_40_FILETES_DE_POLLO_EN_SALSA_DE_SETAS,uno,3,determiner,indefinite,n/a,masculine,singular,n/a
entr_40_TARTA_DE_LIMON,uno,12,determiner,indefinite,superlative,masculine,singular,n/a
entr_40_TARTA_DE_LIMON,uno,12,determiner,indefinite,superlative,masculine,singular,n/a
entr_40_TARTA_DE_LIMON,uno,12,determiner,indefinite,superlative,masculine,singular,n/a
entr_40_TARTA_DE_LIMON,uno,12,determiner,indefinite,superlative,masculine,singular,n/a
entr_40_TORTILLA_DE_BERENJENAS,cuánto,1,determiner,interrogative,superlative,masculine,singular,n/a
entr_40_TORTILLA_DE_BERENJENAS,cuánto,1,determiner,interrogative,superlative,masculine,singular,n/a
entr_43_CRÊPES_DE_NIÑAS,tu,3,determiner,possessive,n/a,common,singular,singular
entr_43_CRÊPES_DE_NIÑAS,tu,3,determiner,possessive,n/a,common,singular,singular
entr_43_CRÊPES_DE_NIÑAS,tu,3,determiner,possessive,n/a,common,singular,singular
entr_43_CRÊPES_DE_NIÑAS,tu,3,determiner,possessive,n/a,common,singular,singular
entr_43_DUENDES,uno,5,determiner,indefinite,n/a,masculine,singular,n/a
entr_43_DUENDES,uno,5,determiner,indefinite,n/a,masculine,singular,n/a
entr_43_DUENDES,uno,5,determiner,indefinite,n/a,masculine,singular,n/a
entr_43_DUENDES,uno,5,determiner,indefinite,n/a,masculine,singular,n/a
entr_43_DUENDES,uno,5,determiner,indefinite,n/a,masculine,singular,n/a
entr_43_DUENDES,uno,5,determiner,indefinite,n/a,masculine,singular,n/a
entr_43_TARTA_DE_MANZANA,mi,1,determiner,possessive,evaluative,common,singular,singular
entr_43_TARTA_DE_MANZANA,mi,1,determiner,possessive,evaluative,common,singular,singular
entr_43_TARTA_DE_MANZANA,mi,1,determiner,possessive,evaluative,common,singular,singular
entr_44_ALBONDIGAS,su,2,determiner,possessive,evaluative,common,plural,invariable
entr_44_ALBONDIGAS,su,2,determiner,possessive,evaluative,common,plural,invariable
entr_44_ALBONDIGAS,su,2,determiner,possessive,evaluative,common,plural,invariable
entr_44_ALBONDIGAS,su,2,determiner,possessive,evaluative,common,plural,invariable
entr_44_CROQUETAS_GAMBAS_4,su,1,determiner,possessive,superlative,common,singular,invariable
entr_44_CROQUETAS_GAMBAS_4,su,1,determiner,possessive,superlative,common,singular,invariable
entr_44_CROQUETAS_GAMBAS_4,su,1,determiner,possessive,superlative,common,singular,invariable
entr_44_CROQUETAS_GAMBAS_4,su,1,determiner,possessive,superlative,common,singular,invariable
entr_44_CROQUETAS_GAMBAS_4,su,1,determiner,possessive,superlative,common,singular,invariable
entr_44_CROQUETAS_LOLA_3,cuánto,1,determiner,interrogative,evaluative,masculine,singular,n/a
entr_44_CROQUETAS_LOLA_3,cuánto,1,determiner,interrogative,evaluative,masculine,singular,n/a
entr_44_CROQUETAS_LOLA_3,cuánto,1,determiner,interrogative,evaluative,masculine,singular,n/a
entr_44_CROQUETAS_LOLA_3,cuánto,1,determiner,interrogative,evaluative,masculine,singular,n/a
entr_44_GAZPACHO,su,1,determiner,possessive,evaluative,common,singular,invariable
entr_44_GAZPACHO,su,1,determiner,possessive,evaluative,common,singular,invariable
entr_44_GAZPACHO,su,1,determiner,possessive,evaluative,common,singular,invariable
entr_44_GAZPACHO,su,1,determiner,possessive,evaluative,common,singular,invariable
entr_44_GAZPACHO,su,1,determiner,possessive,evaluative,common,singular,invariable
entr_44_PAELLA_MIXTA,mi,1,determiner,possessive,superlative,common,singular,singular
entr_44_PAELLA_MIXTA,mi,1,determiner,possessive,superlative,common,singular,singular
entr_44_PAELLA_MIXTA,mi,1,determiner,possessive,superlative,common,singular,singular
entr_44_PAELLA_MIXTA,mi,1,determiner,possessive,superlative,common,singular,singular
entr_45_CALDO_GALLEGO,mi,1,determiner,possessive,evaluative,common,singular,singular
entr_45_CALDO_GALLEGO,mi,1,determiner,possessive,evaluative,common,singular,singular
entr_45_CALDO_GALLEGO,mi,1,determiner,possessive,evaluative,common,singular,singular
entr_45_CALDO_GALLEGO,mi,1,determiner,possessive,evaluative,common,singular,singular
entr_45_CALDO_GALLEGO,mi,1,determiner,possessive,evaluative,common,singular,singular
entr_45_CALDO_GALLEGO,mi,1,determiner,possessive,evaluative,common,singular,singular
entr_45_CALDO_GALLEGO,mi,1,determiner,possessive,evaluative,common,singular,singular
entr_45_EMPANADAS,uno,6,determiner,indefinite,n/a,masculine,singular,n/a
entr_45_EMPANADAS,uno,6,determiner,indefinite,n/a,masculine,singular,n/a
entr_45_EMPANADAS,uno,6,determiner,indefinite,n/a,masculine,singular,n/a
entr_45_EMPANADAS,uno,6,determiner,indefinite,n/a,masculine,singular,n/a
entr_45_EMPANADAS,uno,6,determiner,indefinite,n/a,masculine,singular,n/a
entr_45_EMPANADAS,uno,6,determiner,indefinite,n/a,masculine,singular,n/a
entr_45_EMPANADAS,uno,6,determiner,indefinite,n/a,masculine,singular,n/a
entr_45_TOMATES_PIMIENTOS_CEBOLLAS_PATATAS_RELLENAS,uno,12,determiner,indefinite,evaluative,masculine,singular,n/a
entr_45_TOMATES_PIMIENTOS_CEBOLLAS_PATATAS_RELLENAS,uno,12,determiner,indefinite,evaluative,masculine,singular,n/a
entr_45_TOMATES_PIMIENTOS_CEBOLLAS_PATATAS_RELLENAS,uno,12,determiner,indefinite,evaluative,masculine,singular,n/a
entr_45_TOMATES_PIMIENTOS_CEBOLLAS_PATATAS_RELLENAS,uno,12,determiner,indefinite,evaluative,masculine,singular,n/a
entr_45_TOMATES_PIMIENTOS_CEBOLLAS_PATATAS_RELLENAS,uno,12,determiner,indefinite,evaluative,masculine,singular,n/a
entr_45_TOMATES_PIMIENTOS_CEBOLLAS_PATATAS_RELLENAS,uno,12,determiner,indefinite,evaluative,masculine,singular,n/a
entr_45_TOMATES_PIMIENTOS_CEBOLLAS_PATATAS_RELLENAS,uno,12,determiner,indefinite,evaluative,masculine,singular,n/a
entr_46_SOPA_DE_AJO_8,tu,1,determiner,possessive,n/a,common,singular,singular
entr_46_SOPA_DE_AJO_8,tu,1,determiner,possessive,n/a,common,singular,singular
entr_46_SOPA_DE_AJO_8,tu,1,determiner,possessive,n/a,common,singular,singular
entr_46_SOPA_DE_AJO_8,tu,1,determiner,possessive,n/a,common,singular,singular
entr_46_SOPA_DE_AJO_8,tu,1,determiner,possessive,n/a,common,singular,singular
entr_46_SOPA_DE_AJO_8,tu,1,determiner,possessive,n/a,common,singular,singular
entr_47_ALCACHOFAS_RELLENAS,uno,15,determiner,indefinite,evaluative,masculine,singular,n/a
entr_47_ALCACHOFAS_RELLENAS,uno,15,determiner,indefinite,evaluative,masculine,singular,n/a
entr_47_ALCACHOFAS_RELLENAS,uno,15,determiner,indefinite,evaluative,masculine,singular,n/a
entr_47_ALCACHOFAS_RELLENAS,uno,15,determiner,indefinite,evaluative,masculine,singular,n/a
entr_47_ALCACHOFAS_RELLENAS,uno,15,determiner,indefinite,evaluative,masculine,singular,n/a
entr_47_HABLAN_DE_REVISTAS_DE_COCINA,uno,2,determiner,indefinite,superlative,masculine,singular,n/a
entr_47_HABLAN_DE_REVISTAS_DE_COCINA,uno,2,determiner,indefinite,superlative,masculine,singular,n/a
entr_47_HABLAN_DE_REVISTAS_DE_COCINA,uno,2,determiner,indefinite,superlative,masculine,singular,n/a
entr_47_HABLAN_DE_REVISTAS_DE_COCINA,uno,2,determiner,indefinite,superlative,masculine,singular,n/a
entr_47_HABLAN_DE_REVISTAS_DE_COCINA,uno,2,determiner,indefinite,superlative,masculine,singular,n/a
entr_47_PAPARTAS,mi,1,determiner,possessive,superlative,common,singular,singular
entr_47_PAPARTAS,mi,1,determiner,possessive,superlative,common,singular,singular
entr_47_PAPARTAS,mi,1,determiner,possessive,superlative,common,singular,singular
entr_47_PAPARTAS,mi,1,determiner,possessive,superlative,common,singular,singular
entr_47_TRUCO_PARA_ABLANDAR,tu,2,determiner,possessive,n/a,common,singular,singular
entr_47_TRUCO_PARA_ABLANDAR,tu,2,determiner,possessive,n/a,common,singular,singular
entr_47_TRUCO_PARA_ABLANDAR,tu,2,determiner,possessive,n/a,common,singular,singular
entr_47_TRUCO_PARA_ABLANDAR,tu,2,determiner,possessive,n/a,common,singular,singular
entr_47_TRUCO_PARA_ABLANDAR,tu,2,determiner,possessive,n/a,common,singular,singular
entr_47_TRUCO_PARA_ABLANDAR,tu,2,determiner,possessive,n/a,common,singular,singular
entr_49_CASAS_DISCOGRAFICAS_8,nuestro,1,determiner,possessive,superlative,masculine,singular,plural
entr_49_CASAS_DISCOGRAFICAS_8,nuestro,1,determiner,possessive,superlative,masculine,singular,plural
entr_49_CASAS_DISCOGRAFICAS_8,nuestro,1,determiner,possessive,superlative,masculine,singular,plural
entr_49_CASAS_DISCOGRAFICAS_8,nuestro,1,determiner,possessive,superlative,masculine,singular,plural
entr_49_CASAS_DISCOGRAFICAS_8,nuestro,1,determiner,possessive,superlative,masculine,singular,plural
entr_49_NACE_LA_MOVIDA_6,uno,12,determiner,indefinite,superlative,masculine,singular,n/a
entr_49_NACE_LA_MOVIDA_6,uno,12,determiner,indefinite,superlative,masculine,singular,n/a
entr_49_NACE_LA_MOVIDA_6,uno,12,determiner,indefinite,superlative,masculine,singular,n/a
entr_49_NACE_LA_MOVIDA_6,uno,12,determiner,indefinite,superlative,masculine,singular,n/a
entr_49_NACE_LA_MOVIDA_6,uno,12,determiner,indefinite,superlative,masculine,singular,n/a
entr_49_NUEVA_OLA_MADRILEÑA_7,su,1,determiner,possessive,n/a,common,singular,invariable
entr_49_NUEVA_OLA_MADRILEÑA_7,su,1,determiner,possessive,n/a,common,singular,invariable
entr_49_NUEVA_OLA_MADRILEÑA_7,su,1,determiner,possessive,n/a,common,singular,invariable
entr_49_NUEVA_OLA_MADRILEÑA_7,su,1,determiner,possessive,n/a,common,singular,invariable
entr_49_NUEVA_OLA_MADRILEÑA_7,su,1,determiner,possessive,n/a,common,singular,invariable
entr_49_SE_ESTABA_GESTANDO_3,mi,2,determiner,possessive,n/a,common,singular,singular
entr_49_SE_ESTABA_GESTANDO_3,mi,2,determiner,possessive,n/a,common,singular,singular
entr_49_SE_ESTABA_GESTANDO_3,mi,2,determiner,possessive,n/a,common,singular,singular
entr_49_SE_ESTABA_GESTANDO_3,mi,2,determiner,possessive,n/a,common,singular,singular
entr_49_TENER_UN_SELLO_5,uno,8,determiner,indefinite,n/a,masculine,singular,n/a
entr_49_TENER_UN_SELLO_5,uno,8,determiner,indefinite,n/a,masculine,singular,n/a
entr_49_TENER_UN_SELLO_5,uno,8,determiner,indefinite,n/a,masculine,singular,n/a
entr_49_TENER_UN_SELLO_5,uno,8,determiner,indefinite,n/a,masculine,singular,n/a
entr_49_TRIBUS_URBANAS_9,nuestro,1,determiner,possessive,n/a,masculine,singular,plural
entr_49_TRIBUS_URBANAS_9,nuestro,1,determiner,possessive,n/a,masculine,singular,plural
entr_49_TRIBUS_URBANAS_9,nuestro,1,determiner,possessive,n/a,masculine,singular,plural
entr_49_TRIBUS_URBANAS_9,nuestro,1,determiner,possessive,n/a,masculine,singular,plural
entr_49_TRIBUS_URBANAS_9,nuestro,1,determiner,possessive,n/a,masculine,singular,plural
entr_59_LIBRO_DIDACTICO_5,uno,7,determiner,indefinite,n/a,masculine,singular,n/a
entr_59_TERMINO_CONFUSO_1,su,2,determiner,possessive,n/a,common,singular,invariable
entr_59_TERMINO_CONFUSO_1,su,2,determiner,possessive,n/a,common,singular,invariable
entr_59_TERMINO_CONFUSO_1,su,2,determiner,possessive,n/a,common,singular,invariable
entr_59_TERMINO_CONFUSO_1,su,2,determiner,possessive,n/a,common,singular,invariable
entr_59_UN_OFICIO_O_UNA_PROFESION_3,mi,3,determiner,possessive,n/a,common,singular,singular
entr_59_UN_OFICIO_O_UNA_PROFESION_3,mi,3,determiner,possessive,n/a,common,singular,singular
entr_59_UN_OFICIO_O_UNA_PROFESION_3,mi,3,determiner,possessive,n/a,common,singular,singular
entr_61_BARATITA_6,nuestro,1,determiner,possessive,evaluative,feminine,singular,plural
entr_61_BARATITA_6,nuestro,1,determiner,possessive,evaluative,feminine,singular,plural
entr_61_INFLUYE_TODO_3,su,1,determiner,possessive,n/a,common,plural,invariable
entr_61_INFLUYE_TODO_3,su,1,determiner,possessive,n/a,common,plural,invariable
entr_61_INFLUYE_TODO_3,su,1,determiner,possessive,n/a,common,plural,invariable
entr_61_INFLUYE_TODO_3,su,1,determiner,possessive,n/a,common,plural,invariable
entr_61_LA_BUSQUEDA_2,su,3,determiner,possessive,n/a,common,singular,invariable
entr_61_LA_BUSQUEDA_2,su,3,determiner,possessive,n/a,common,singular,invariable
entr_61_LA_BUSQUEDA_2,su,3,determiner,possessive,n/a,common,singular,invariable
entr_61_LA_QUIERE_DE_CIPRES_5,uno,1,determiner,indefinite,n/a,masculine,singular,n/a
entr_61_LA_QUIERE_DE_CIPRES_5,uno,1,determiner,indefinite,n/a,masculine,singular,n/a
entr_61_LA_QUIERE_DE_CIPRES_5,uno,1,determiner,indefinite,n/a,masculine,singular,n/a
entr_61_LA_QUIERE_DE_CIPRES_5,uno,1,determiner,indefinite,n/a,masculine,singular,n/a
entr_61_LOS_PRECIOS_DEPENDE_4,su,1,determiner,possessive,superlative,common,singular,invariable
entr_61_LOS_PRECIOS_DEPENDE_4,su,1,determiner,possessive,superlative,common,singular,invariable
entr_61_LOS_PRECIOS_DEPENDE_4,su,1,determiner,possessive,superlative,common,singular,invariable
entr_61_LOS_PRECIOS_DEPENDE_4,su,1,determiner,possessive,superlative,common,singular,invariable
entr_61_LOS_PRECIOS_DEPENDE_4,su,1,determiner,possessive,superlative,common,singular,invariable
entr_61_LOS_PRECIOS_DEPENDE_4,su,1,determiner,possessive,superlative,common,singular,invariable
entr_61_TELÉFONO_Y_CLIENTE_4,su,1,determiner,possessive,evaluative,common,singular,invariable
entr_61_TELÉFONO_Y_CLIENTE_4,su,1,determiner,possessive,evaluative,common,singular,invariable
entr_61_TELÉFONO_Y_CLIENTE_4,su,1,determiner,possessive,evaluative,common,singular,invariable
entr_61_TELÉFONO_Y_CLIENTE_4,su,1,determiner,possessive,evaluative,common,singular,invariable
entr_61_TELÉFONO_Y_CLIENTE_4,su,1,determiner,possessive,evaluative,common,singular,invariable
entr_64_DE_TENERIFE_A_ITALIA,mi,1,determiner,possessive,n/a,common,singular,singular
entr_64_DE_TENERIFE_A_ITALIA,mi,1,determiner,possessive,n/a,common,singular,singular
entr_64_DE_TENERIFE_A_ITALIA,mi,1,determiner,possessive,n/a,common,singular,singular
entr_64_DE_TENERIFE_A_ITALIA,mi,1,determiner,possessive,n/a,common,singular,singular
entr_64_DE_TENERIFE_A_ITALIA,mi,1,determiner,possessive,n/a,common,singular,singular
entr_64_EN_AGOSTO_DE_PEQUEÑOS,mi,3,determiner,possessive,n/a,common,singular,singular
entr_64_EN_AGOSTO_DE_PEQUEÑOS,mi,3,determiner,possessive,n/a,common,singular,singular
entr_64_EN_AGOSTO_DE_PEQUEÑOS,mi,3,determiner,possessive,n/a,common,singular,singular
entr_64_EN_AGOSTO_DE_PEQUEÑOS,mi,3,determiner,possessive,n/a,common,singular,singular
entr_64_EN_AGOSTO_DE_PEQUEÑOS,mi,3,determiner,possessive,n/a,common,singular,singular
entr_64_EN_AGOSTO_DE_PEQUEÑOS,mi,3,determiner,possessive,n/a,common,singular,singular
entr_64_EN_AGOSTO_DE_PEQUEÑOS,mi,3,determiner,possessive,n/a,common,singular,singular
finp_25_HUMEDADES_DE_LA_JARDINERA,uno,7,determiner,indefinite,n/a,masculine,singular,n/a
finp_25_HUMEDADES_DE_LA_JARDINERA,uno,7,determiner,indefinite,n/a,masculine,singular,n/a
finp_25_HUMEDADES_DE_LA_JARDINERA,uno,7,determiner,indefinite,n/a,masculine,singular,n/a
finp_25_HUMEDADES_DE_LA_JARDINERA,uno,7,determiner,indefinite,n/a,masculine,singular,n/a
finp_25_HUMEDADES,uno,2,determiner,indefinite,n/a,feminine,singular,n/a
finp_25_HUMEDADES,uno,2,determiner,indefinite,n/a,feminine,singular,n/a
finp_25_HUMEDADES,uno,2,determiner,indefinite,n/a,feminine,singular,n/a
finp_25_MAS_COMPOS,su,1,determiner,possessive,superlative,common,singular,invariable
finp_25_MAS_COMPOS,su,1,determiner,possessive,superlative,common,singular,invariable
finp_25_MAS_COMPOS,su,1,determiner,possessive,superlative,common,singular,invariable
finp_25_MAS_COMPOS,su,1,determiner,possessive,superlative,common,singular,invariable
finp_25_MAS_COMPOS,su,1,determiner,possessive,superlative,common,singular,invariable
finp_25_QUE_MORRO,uno,1,determiner,indefinite,n/a,masculine,singular,n/a
finp_25_QUE_MORRO,uno,1,determiner,indefinite,n/a,masculine,singular,n/a
finp_25_QUE_MORRO,uno,1,determiner,indefinite,n/a,masculine,singular,n/a
finp_25_QUE_MORRO,uno,1,determiner,indefinite,n/a,masculine,singular,n/a
sala_36_RESPUESTA_DE_XAVIER,su,1,determiner,possessive,n/a,common,singular,invariable
sala_36_RESPUESTA_DE_XAVIER,su,1,determiner,possessive,n/a,common,singular,invariable
trab_12_BAJAN_LA_VIGA_QUE_LATA,uno,8,determiner,indefinite,n/a,masculine,singular,n/a
trab_12_BAJAN_LA_VIGA_QUE_LATA,uno,8,determiner,indefinite,n/a,masculine,singular,n/a
trab_12_BAJAN_LA_VIGA_QUE_LATA,uno,8,determiner,indefinite,n/a,masculine,singular,n/a
trab_12_BAJAN_LA_VIGA_QUE_LATA,uno,8,determiner,indefinite,n/a,masculine,singular,n/a
trab_12_BAJAN_LA_VIGA_QUE_LATA,uno,8,determiner,indefinite,n/a,masculine,singular,n/a
trab_12_BAJAN_LA_VIGA_QUE_LATA,uno,8,determiner,indefinite,n/a,masculine,singular,n/a
trab_12_COMO_PEDIR_UN_AUMENTO_DE_SUELDO,su,4,determiner,possessive,superlative,common,singular,invariable
trab_12_COMO_PEDIR_UN_AUMENTO_DE_SUELDO,su,4,determiner,possessive,superlative,common,singular,invariable
trab_12_COMO_PEDIR_UN_AUMENTO_DE_SUELDO,su,4,determiner,possessive,superlative,common,singular,invariable
trab_12_COMO_PEDIR_UN_AUMENTO_DE_SUELDO,su,4,determiner,possessive,superlative,common,singular,invariable
trab_12_COMO_PEDIR_UN_AUMENTO_DE_SUELDO,su,4,determiner,possessive,superlative,common,singular,invariable
trab_12_COMO_PEDIR_UN_AUMENTO_DE_SUELDO,su,4,determiner,possessive,superlative,common,singular,invariable
trab_12_COMO_PEDIR_UN_AUMENTO_DE_SUELDO,su,4,determiner,possessive,superlative,common,singular,invariable
trab_12_COMO_PEDIR_UN_AUMENTO_DE_SUELDO,su,4,determiner,possessive,superlative,common,singular,invariable
trab_12_COMO_PEDIR_UN_AUMENTO_DE_SUELDO,su,4,determiner,possessive,superlative,common,singular,invariable
trab_12_ESCUELA_DE_ARQUITECTOS,cuánto,1,determiner,interrogative,n/a,masculine,singular,n/a
trab_12_ESCUELA_DE_ARQUITECTOS,cuánto,1,determiner,interrogative,n/a,masculine,singular,n/a
trab_12_ESCUELA_DE_ARQUITECTOS,cuánto,1,determiner,interrogative,n/a,masculine,singular,n/a
trab_12_ESCUELA_DE_ARQUITECTOS,cuánto,1,determiner,interrogative,n/a,masculine,singular,n/a
trab_12_ESCUELA_DE_ARQUITECTOS,cuánto,1,determiner,interrogative,n/a,masculine,singular,n/a
trab_12_ESCUELA_DE_ARQUITECTOS,cuánto,1,determiner,interrogative,n/a,masculine,singular,n/a
trab_12_ESCUELA_DE_ARQUITECTOS,cuánto,1,determiner,interrogative,n/a,masculine,singular,n/a
trab_12_ESCUELA_DE_ARQUITECTOS,cuánto,1,determiner,interrogative,n/a,masculine,singular,n/a
trab_12_ESCUELA_DE_ARQUITECTOS,cuánto,1,determiner,interrogative,n/a,masculine,singular,n/a
trab_16_AGENCIA_FAMILIAR_2,tu,2,determiner,possessive,n/a,common,singular,singular
trab_16_AGENCIA_FAMILIAR_2,tu,2,determiner,possessive,n/a,common,singular,singular
trab_16_AGENCIA_FAMILIAR_2,tu,2,determiner,possessive,n/a,common,singular,singular
trab_16_AGENCIA_FAMILIAR_2,tu,2,determiner,possessive,n/a,common,singular,singular
trab_16_AGENCIA_FAMILIAR_2,tu,2,determiner,possessive,n/a,common,singular,singular
trab_16_AGENCIA_FAMILIAR_2,tu,2,determiner,possessive,n/a,common,singular,singular
trab_16_CHICAS,vuestro,1,determiner,possessive,superlative,feminine,singular,plural
trab_16_CHICAS,vuestro,1,determiner,possessive,superlative,feminine,singular,plural
trab_16_CHICAS,vuestro,1,determiner,possessive,superlative,feminine,singular,plural
trab_16_CHICAS,vuestro,1,determiner,possessive,superlative,feminine,singular,plural
trab_16_CHICAS,vuestro,1,determiner,possessive,superlative,feminine,singular,plural
trab_16_CHICAS,vuestro,1,determiner,possessive,superlative,feminine,singular,plural
trab_16_CHICAS,vuestro,1,determiner,possessive,superlative,feminine,singular,plural
trab_16_CHICAS,vuestro,1,determiner,possessive,superlative,feminine,singular,plural
trab_16_CHICAS,vuestro,1,determiner,possessive,superlative,feminine,singular,plural
trab_16_DONDE_VAN_TUS_FLECHAS_1,su,1,determiner,possessive,n/a,common,singular,invariable
trab_16_DONDE_VAN_TUS_FLECHAS_1,su,1,determiner,possessive,n/a,common,singular,invariable
trab_16_DONDE_VAN_TUS_FLECHAS_1,su,1,determiner,possessive,n/a,common,singular,invariable
trab_16_LA_JEFA_SABE_LO_QUE_HACE,uno,4,determiner,indefinite,n/a,masculine,singular,n/a
trab_16_LA_JEFA_SABE_LO_QUE_HACE,uno,4,determiner,indefinite,n/a,masculine,singular,n/a
trab_16_LA_JEFA_SABE_LO_QUE_HACE,uno,4,determiner,indefinite,n/a,masculine,singular,n/a
trab_16_LA_JEFA_SABE_LO_QUE_HACE,uno,4,determiner,indefinite,n/a,masculine,singular,n/a
trab_16_LA_JEFA_SABE_LO_QUE_HACE,uno,4,determiner,indefinite,n/a,masculine,singular,n/a
trab_16_LA_JEFA_SABE_LO_QUE_HACE,uno,4,determiner,indefinite,n/a,masculine,singular,n/a
trab_16_LA_JEFA_SABE_LO_QUE_HACE,uno,4,determiner,indefinite,n/a,masculine,singular,n/a
trab_16_PROCESO_DE_TRABAJO,su,2,determiner,possessive,n/a,common,singular,invariable
trab_16_PROCESO_DE_TRABAJO,su,2,determiner,possessive,n/a,common,singular,invariable
trab_16_PROCESO_DE_TRABAJO,su,2,determiner,possessive,n/a,common,singular,invariable
trab_16_SOBRE_PAQUETES_3,uno,10,determiner,indefinite,n/a,masculine,singular,n/a
trab_16_SOBRE_PAQUETES_3,uno,10,determiner,indefinite,n/a,masculine,singular,n/a
trab_16_SOBRE_PAQUETES_3,uno,10,determiner,indefinite,n/a,masculine,singular,n/a
trab_16_SOBRE_PAQUETES_3,uno,10,determiner,indefinite,n/a,masculine,singular,n/a
trab_16_SOBRE_PAQUETES_3,uno,10,determiner,indefinite,n/a,masculine,singular,n/a
trab_68_DE_LUNES_A_VIERNES_7,mi,1,determiner,possessive,n/a,common,singular,singular
trab_68_DE_LUNES_A_VIERNES_7,mi,1,determiner,possessive,n/a,common,singular,singular
